performance_id,campaign_id,date,impressions,clicks,spend,conversions
1,1,2024-03-12,17124,615,571.1,27
2,1,2024-03-13,15938,497,672.71,23
3,1,2024-03-14,17360,494,512.39,10
4,1,2024-03-15,14575,407,545.72,18
5,1,2024-03-16,17861,378,382.2,14
6,1,2024-03-17,10997,338,429.56,14
7,1,2024-03-18,15698,623,642.09,28
8,1,2024-03-19,17011,577,591.09,19
9,1,2024-03-20,11641,423,467.47,13
10,1,2024-03-21,17248,449,615.44,20
11,1,2024-03-22,16034,630,752.39,22
12,1,2024-03-23,14502,453,377.76,23
13,1,2024-03-24,11808,411,379.81,19
14,1,2024-03-25,17642,511,679.09,20
15,1,2024-03-26,20887,848,719.94,35
16,1,2024-03-27,13376,520,556.06,28
17,1,2024-03-28,22983,771,727.29,39
18,1,2024-03-29,14177,479,627.99,26
19,1,2024-03-30,11981,403,431.37,12
20,1,2024-03-31,9638,315,428.35,14
21,1,2024-04-01,15235,586,582.02,24
22,1,2024-04-02,12027,475,506.11,21
23,1,2024-04-03,14035,492,701.84,19
24,1,2024-04-04,12038,381,490.52,11
25,1,2024-04-05,31602,1140,706.21,45
26,1,2024-04-06,10837,358,391.89,16
27,1,2024-04-07,10536,447,430.53,19
28,1,2024-04-08,19556,672,548.66,42
29,2,2024-01-16,342579,939,383.7,3
30,2,2024-01-17,353140,1463,492.02,9
31,2,2024-01-18,320482,1405,429.74,10
32,2,2024-01-19,520039,1045,503.48,4
33,2,2024-01-20,135791,526,266.74,2
34,2,2024-01-21,452599,877,298.89,5
35,2,2024-01-22,454727,1291,541.85,5
36,2,2024-01-23,349546,1333,399.04,3
37,2,2024-01-24,215917,1196,573.08,5
38,2,2024-01-25,514128,1676,592.87,11
39,2,2024-01-26,449632,959,454.82,5
40,2,2024-01-27,177949,586,274.25,2
41,2,2024-01-28,380227,678,260.56,4
42,2,2024-01-29,441905,895,426.44,5
43,2,2024-01-30,244823,1045,451.45,6
44,2,2024-01-31,416755,1148,511.52,4
45,2,2024-02-01,359005,991,436.56,7
46,2,2024-02-02,438336,1199,495.28,12
47,2,2024-02-03,251685,1001,293.48,5
48,2,2024-02-04,291009,808,290.34,5
49,2,2024-02-05,278049,1040,374.79,4
50,2,2024-02-06,422168,1078,466.21,7
51,2,2024-02-07,312694,967,412.89,6
52,2,2024-02-08,252435,772,395.01,2
53,2,2024-02-09,328562,1336,587.96,4
54,2,2024-02-10,183781,646,310.51,3
55,3,2024-10-14,60811,828,682.33,23
56,3,2024-10-15,54393,754,619.74,18
57,3,2024-10-16,163750,1064,688.94,23
58,3,2024-10-17,35666,640,442.75,7
59,3,2024-10-18,60406,679,514.98,11
60,3,2024-10-19,85497,757,582.93,18
61,3,2024-10-20,31397,519,611.94,14
62,3,2024-10-21,153312,755,713.68,16
63,3,2024-10-22,146513,878,661.6,15
64,3,2024-10-23,47101,451,482.34,7
65,3,2024-10-24,41488,614,590.7,14
66,3,2024-10-25,88483,570,608.72,10
67,3,2024-10-26,41044,682,535.0,14
68,3,2024-10-27,81622,836,568.87,12
69,3,2024-10-28,34736,520,547.26,10
70,3,2024-10-29,56316,816,612.79,17
71,3,2024-10-30,70466,788,622.26,19
72,3,2024-10-31,45246,713,598.27,10
73,3,2024-11-01,54490,611,564.48,14
74,3,2024-11-02,72785,862,693.36,15
75,3,2024-11-03,49446,475,452.91,8
76,3,2024-11-04,60224,825,633.22,18
77,3,2024-11-05,65075,887,644.27,21
78,3,2024-11-06,85121,931,664.96,20
79,3,2024-11-07,51705,749,539.62,21
80,3,2024-11-08,57721,861,649.89,18
81,3,2024-11-09,49329,669,524.64,13
82,3,2024-11-10,85909,970,706.25,23
83,3,2024-11-11,115324,1114,614.52,30
84,3,2024-11-12,78695,1013,649.26,24
85,3,2024-11-13,58413,641,458.68,6
86,3,2024-11-14,74382,634,688.27,12
87,3,2024-11-15,34430,519,473.6,9
88,3,2024-11-16,81987,786,669.29,17
89,3,2024-11-17,47973,459,456.84,8
90,3,2024-11-18,37292,445,456.46,12
91,3,2024-11-19,65172,716,554.67,12
92,3,2024-11-20,47960,574,466.64,9
93,3,2024-11-21,64260,724,647.44,9
94,3,2024-11-22,84302,984,682.77,20
95,4,2024-05-22,565422,1727,704.71,16
96,4,2024-05-23,473881,2442,983.21,8
97,4,2024-05-24,649848,2584,933.31,5
98,4,2024-05-25,1222000,1222,529.13,4
99,4,2024-05-26,894876,3009,653.11,18
100,4,2024-05-27,990018,1663,744.49,14
101,4,2024-05-28,1100531,2991,1089.33,16
102,4,2024-05-29,1034150,2984,842.22,22
103,4,2024-05-30,805905,2373,857.42,13
104,4,2024-05-31,944682,2839,1119.32,14
105,4,2024-06-01,1471221,2061,711.2,4
106,4,2024-06-02,1124234,1648,680.71,12
107,4,2024-06-03,367516,1855,722.52,9
108,4,2024-06-04,421084,2131,1053.26,18
109,4,2024-06-05,1351200,3690,1064.22,29
110,5,2024-04-20,14532,206,196.93,2
111,5,2024-04-21,21532,228,217.55,5
112,5,2024-04-22,33425,531,262.54,7
113,5,2024-04-23,24796,332,271.59,6
114,5,2024-04-24,104008,499,285.12,10
115,5,2024-04-25,28308,305,245.27,4
116,5,2024-04-26,21920,237,212.19,6
117,5,2024-04-27,34472,330,249.2,5
118,5,2024-04-28,23223,248,182.65,3
119,5,2024-04-29,56845,236,196.17,4
120,5,2024-04-30,35839,319,264.36,7
121,5,2024-05-01,31404,287,272.88,4
122,5,2024-05-02,21228,216,196.52,2
123,5,2024-05-03,75730,335,243.53,8
124,5,2024-05-04,20210,409,275.37,10
125,5,2024-05-05,48488,176,184.77,2
126,5,2024-05-06,34767,315,215.83,4
127,5,2024-05-07,15875,218,186.22,5
128,5,2024-05-08,22257,250,229.75,4
129,5,2024-05-09,20195,318,239.92,6
130,5,2024-05-10,21555,297,214.19,9
131,5,2024-05-11,22667,258,213.39,4
132,5,2024-05-12,26746,242,190.02,4
133,5,2024-05-13,29686,278,193.9,2
134,5,2024-05-14,30049,309,285.39,5
135,5,2024-05-15,28001,331,283.91,5
136,5,2024-05-16,29739,336,249.32,8
137,5,2024-05-17,28457,248,238.17,4
138,5,2024-05-18,53944,330,221.36,7
139,5,2024-05-19,23370,313,185.65,4
140,5,2024-05-20,29189,264,227.77,5
141,5,2024-05-21,21760,289,211.15,7
142,5,2024-05-22,71686,257,240.93,4
143,5,2024-05-23,22275,251,212.56,5
144,5,2024-05-24,21144,254,269.23,4
145,5,2024-05-25,25192,253,195.63,6
146,5,2024-05-26,17482,238,232.59,4
147,5,2024-05-27,18653,278,217.57,4
148,5,2024-05-28,38533,426,207.1,12
149,5,2024-05-29,18783,253,199.15,6
150,5,2024-05-30,44483,292,244.22,7
151,5,2024-05-31,14245,210,188.46,5
152,5,2024-06-01,32841,316,263.11,5
153,5,2024-06-02,15729,192,201.02,3
154,5,2024-06-03,27673,282,266.87,4
155,5,2024-06-04,37357,349,264.11,9
156,5,2024-06-05,20751,254,246.16,7
157,5,2024-06-06,32131,304,201.4,6
158,5,2024-06-07,17819,231,218.53,4
159,5,2024-06-08,11832,224,190.08,4
160,5,2024-06-09,29042,329,272.72,8
161,5,2024-06-10,24013,296,252.54,6
162,5,2024-06-11,23638,373,242.2,6
163,5,2024-06-12,26005,347,279.87,11
164,5,2024-06-13,22990,242,218.32,4
165,5,2024-06-14,69097,279,264.75,5
166,5,2024-06-15,23217,232,212.34,6
167,5,2024-06-16,28807,304,198.27,6
168,6,2024-06-25,8002,261,231.44,12
169,6,2024-06-26,7142,265,250.94,9
170,6,2024-06-27,5440,269,301.15,11
171,6,2024-06-28,4993,190,189.0,7
172,6,2024-06-29,3549,120,142.74,4
173,6,2024-06-30,6761,122,174.33,3
174,6,2024-07-01,8608,275,248.41,11
175,6,2024-07-02,6834,254,284.85,12
176,6,2024-07-03,6563,260,230.21,13
177,6,2024-07-04,6142,182,184.18,7
178,6,2024-07-05,6749,180,202.45,8
179,6,2024-07-06,3596,102,135.04,4
180,6,2024-07-07,4833,133,160.17,6
181,6,2024-07-08,5943,265,216.27,8
182,6,2024-07-09,9286,229,226.71,10
183,6,2024-07-10,8722,183,256.19,5
184,6,2024-07-11,9209,283,295.31,13
185,6,2024-07-12,6269,212,285.66,8
186,6,2024-07-13,2510,90,128.54,2
187,6,2024-07-14,5557,175,180.12,5
188,6,2024-07-15,5174,182,213.76,6
189,6,2024-07-16,3576,137,213.97,5
190,6,2024-07-17,4080,145,182.24,7
191,6,2024-07-18,7177,266,253.34,11
192,6,2024-07-19,5718,173,227.12,7
193,6,2024-07-20,3694,130,140.68,4
194,6,2024-07-21,4392,125,159.51,4
195,6,2024-07-22,8986,211,267.64,12
196,6,2024-07-23,9324,269,293.9,13
197,6,2024-07-24,5826,145,184.68,6
198,6,2024-07-25,6064,248,252.9,9
199,6,2024-07-26,5095,163,193.77,9
200,6,2024-07-27,3738,143,163.35,5
201,6,2024-07-28,5255,208,194.13,6
202,6,2024-07-29,4142,139,191.96,6
203,6,2024-07-30,4291,149,203.24,7
204,6,2024-07-31,5230,204,260.37,9
205,6,2024-08-01,7399,249,211.03,12
206,6,2024-08-02,5706,157,185.01,8
207,6,2024-08-03,4415,148,204.68,5
208,6,2024-08-04,4280,148,196.62,5
209,6,2024-08-05,5303,221,208.66,9
210,6,2024-08-06,4357,186,218.94,8
211,6,2024-08-07,4622,165,219.36,5
212,6,2024-08-08,4203,145,183.86,7
213,6,2024-08-09,7023,210,294.17,8
214,6,2024-08-10,8778,275,179.62,15
215,6,2024-08-11,4282,166,162.21,6
216,7,2024-07-12,16300,456,451.05,16
217,7,2024-07-13,13305,356,272.43,12
218,7,2024-07-14,8419,336,432.81,13
219,7,2024-07-15,12726,382,616.98,19
220,7,2024-07-16,11400,344,507.95,13
221,7,2024-07-17,11367,344,434.2,13
222,7,2024-07-18,13122,558,623.13,21
223,7,2024-07-19,14303,454,554.21,16
224,7,2024-07-20,8224,356,359.85,20
225,7,2024-07-21,6932,260,281.15,12
226,7,2024-07-22,11475,378,517.58,13
227,7,2024-07-23,12581,356,472.61,12
228,7,2024-07-24,12235,378,434.13,16
229,7,2024-07-25,45415,1307,593.38,68
230,7,2024-07-26,10028,382,466.33,22
231,7,2024-07-27,7255,260,312.16,13
232,7,2024-07-28,8683,338,418.21,15
233,7,2024-07-29,9492,410,554.58,15
234,7,2024-07-30,14607,482,600.86,21
235,7,2024-07-31,12361,457,463.13,21
236,7,2024-08-01,11693,411,506.63,17
237,7,2024-08-02,15946,413,538.01,22
238,7,2024-08-03,6704,238,283.89,13
239,7,2024-08-04,12307,312,435.11,13
240,7,2024-08-05,7937,321,395.68,11
241,8,2024-07-04,225219,893,201.21,3
242,8,2024-07-05,327724,800,304.45,4
243,8,2024-07-06,564000,564,202.94,3
244,8,2024-07-07,246780,383,174.87,0
245,8,2024-07-08,126902,506,213.57,3
246,8,2024-07-09,131225,479,227.65,2
247,8,2024-07-10,194414,906,246.45,6
248,8,2024-07-11,359173,628,222.09,4
249,8,2024-07-12,248731,739,303.53,4
250,8,2024-07-13,162755,581,204.59,3
251,8,2024-07-14,207628,690,203.19,5
252,8,2024-07-15,267256,621,254.38,5
253,8,2024-07-16,235119,702,218.31,1
254,8,2024-07-17,278015,710,294.96,0
255,8,2024-07-18,235310,544,194.06,5
256,8,2024-07-19,183844,696,230.01,4
257,8,2024-07-20,228901,556,204.88,2
258,8,2024-07-21,220598,661,223.46,1
259,8,2024-07-22,138028,660,271.92,2
260,8,2024-07-23,318257,636,237.58,2
261,8,2024-07-24,163110,591,265.43,2
262,8,2024-07-25,139793,615,205.99,4
263,8,2024-07-26,113462,381,196.62,2
264,8,2024-07-27,120260,487,206.84,1
265,8,2024-07-28,94680,374,142.0,1
266,8,2024-07-29,122044,578,275.19,3
267,8,2024-07-30,285748,706,203.05,4
268,8,2024-07-31,117820,557,256.52,3
269,8,2024-08-01,222485,793,221.9,3
270,8,2024-08-02,184859,507,196.5,0
271,8,2024-08-03,123413,478,212.82,0
272,8,2024-08-04,174913,564,168.14,4
273,8,2024-08-05,143908,688,248.88,1
274,8,2024-08-06,184964,828,268.61,6
275,8,2024-08-07,307640,712,286.68,4
276,8,2024-08-08,207980,737,255.76,3
277,8,2024-08-09,403375,1305,249.73,3
278,8,2024-08-10,251565,429,169.94,3
279,8,2024-08-11,305029,832,204.3,0
280,8,2024-08-12,529991,765,298.98,3
281,8,2024-08-13,254781,897,271.79,6
282,8,2024-08-14,159967,541,253.5,3
283,8,2024-08-15,229012,774,267.71,3
284,8,2024-08-16,164447,613,199.9,3
285,8,2024-08-17,195415,384,138.33,1
286,8,2024-08-18,113371,444,180.38,2
287,8,2024-08-19,209170,1242,250.95,4
288,8,2024-08-20,118787,488,196.41,1
289,8,2024-08-21,237093,557,218.48,3
290,8,2024-08-22,155811,603,215.31,3
291,8,2024-08-23,170483,853,313.83,5
292,8,2024-08-24,114723,471,186.07,3
293,8,2024-08-25,117681,545,154.18,1
294,8,2024-08-26,239452,703,277.02,3
295,8,2024-08-27,172709,766,304.35,4
296,8,2024-08-28,146319,613,244.45,1
297,8,2024-08-29,190350,692,296.28,5
298,8,2024-08-30,210475,595,208.0,2
299,8,2024-08-31,451241,612,163.97,1
300,8,2024-09-01,149934,354,175.12,0
301,8,2024-09-02,251317,578,221.74,4
302,8,2024-09-03,128335,511,252.07,2
303,8,2024-09-04,260397,776,259.21,2
304,8,2024-09-05,244868,985,243.77,9
305,8,2024-09-06,178158,637,270.61,2
306,8,2024-09-07,241759,543,218.1,2
307,8,2024-09-08,294682,594,178.46,4
308,8,2024-09-09,208252,816,261.78,1
309,8,2024-09-10,625535,884,284.5,4
310,8,2024-09-11,252143,783,280.01,1
311,8,2024-09-12,358740,740,283.59,5
312,8,2024-09-13,231343,723,263.2,2
313,8,2024-09-14,139481,472,220.29,2
314,8,2024-09-15,239139,382,153.85,3
315,8,2024-09-16,230048,863,300.39,5
316,8,2024-09-17,268017,725,227.85,5
317,8,2024-09-18,322365,715,278.27,6
318,8,2024-09-19,217404,790,214.14,4
319,8,2024-09-20,101656,470,220.39,0
320,8,2024-09-21,149052,434,169.93,4
321,8,2024-09-22,248687,554,223.56,1
322,8,2024-09-23,367611,1312,284.69,10
323,8,2024-09-24,352601,807,227.76,3
324,8,2024-09-25,226050,731,259.2,1
325,8,2024-09-26,146545,750,305.55,1
326,8,2024-09-27,219579,1026,278.51,5
327,8,2024-09-28,201370,467,176.6,1
328,8,2024-09-29,150582,435,182.95,1
329,9,2024-05-28,149666,1101,1120.77,20
330,9,2024-05-29,92080,1348,820.85,29
331,9,2024-05-30,121445,1418,1003.93,26
332,9,2024-05-31,100652,1321,1155.49,34
333,9,2024-06-01,138882,1157,763.1,20
334,9,2024-06-02,280985,1543,1210.58,36
335,9,2024-06-03,108340,824,942.34,20
336,9,2024-06-04,106887,1202,992.01,24
337,9,2024-06-05,80554,1031,934.21,19
338,9,2024-06-06,95483,1204,945.32,19
339,9,2024-06-07,96251,1108,917.06,22
340,9,2024-06-08,126408,1381,1173.35,34
341,9,2024-06-09,115020,1448,1046.3,12
342,9,2024-06-10,107398,985,817.85,19
343,9,2024-06-11,75703,845,757.96,10
344,9,2024-06-12,168418,1378,996.57,27
345,9,2024-06-13,164977,1180,1063.47,19
346,9,2024-06-14,84751,878,775.61,24
347,9,2024-06-15,107707,1052,774.03,20
348,9,2024-06-16,113161,1113,795.33,24
349,9,2024-06-17,123168,1692,998.2,39
350,9,2024-06-18,119141,822,956.8,16
351,9,2024-06-19,92138,926,927.82,23
352,9,2024-06-20,86619,803,750.62,6
353,9,2024-06-21,92211,794,754.67,17
354,10,2024-07-05,45736,501,326.85,11
355,10,2024-07-06,33931,583,306.75,8
356,10,2024-07-07,40739,427,347.71,12
357,10,2024-07-08,124194,518,357.47,11
358,10,2024-07-09,61048,549,467.89,14
359,10,2024-07-10,73416,718,416.97,14
360,10,2024-07-11,32132,425,407.27,9
361,10,2024-07-12,48847,562,407.16,8
362,10,2024-07-13,30164,514,426.37,11
363,10,2024-07-14,35597,343,293.78,5
364,10,2024-07-15,23080,337,342.35,5
365,10,2024-07-16,56439,547,411.87,12
366,10,2024-07-17,43179,604,431.5,10
367,10,2024-07-18,67420,640,404.88,14
368,10,2024-07-19,51424,636,433.45,20
369,10,2024-07-20,17197,282,293.83,6
370,10,2024-07-21,45632,452,410.94,7
371,10,2024-07-22,88455,633,462.7,7
372,10,2024-07-23,73721,762,402.64,14
373,10,2024-07-24,53424,734,454.85,16
374,10,2024-07-25,49530,520,447.15,11
375,10,2024-07-26,40454,428,429.72,10
376,10,2024-07-27,38204,441,410.88,6
377,10,2024-07-28,54643,587,473.48,14
378,10,2024-07-29,24465,360,326.53,7
379,10,2024-07-30,25656,365,425.48,4
380,10,2024-07-31,35671,473,393.51,10
381,10,2024-08-01,45036,560,407.09,11
382,10,2024-08-02,39236,407,332.85,6
383,10,2024-08-03,75016,510,438.3,12
384,10,2024-08-04,21247,310,321.67,5
385,10,2024-08-05,84493,649,391.45,12
386,10,2024-08-06,40109,649,452.89,12
387,10,2024-08-07,52304,804,454.71,23
388,10,2024-08-08,62898,404,286.45,11
389,11,2024-02-06,462518,1001,458.62,11
390,11,2024-02-07,167763,762,312.82,8
391,11,2024-02-08,172629,683,411.93,3
392,11,2024-02-09,407461,889,464.78,6
393,11,2024-02-10,239925,564,311.56,5
394,11,2024-02-11,426731,793,403.26,5
395,11,2024-02-12,358494,1027,365.46,8
396,11,2024-02-13,745009,1472,446.91,15
397,11,2024-02-14,323148,1054,427.03,9
398,11,2024-02-15,188142,919,376.58,9
399,11,2024-02-16,616807,1126,336.73,6
400,11,2024-02-17,234715,780,403.42,5
401,11,2024-02-18,230655,647,351.69,4
402,11,2024-02-19,523473,958,460.3,1
403,11,2024-02-20,270069,708,326.54,0
404,11,2024-02-21,438320,1051,445.68,8
405,11,2024-02-22,362240,879,421.84,6
406,11,2024-02-23,238978,693,313.64,4
407,11,2024-02-24,266293,740,352.17,3
408,11,2024-02-25,288913,1298,451.66,8
409,11,2024-02-26,270262,807,312.92,5
410,11,2024-02-27,312563,1168,382.03,7
411,11,2024-02-28,211833,654,304.22,5
412,11,2024-02-29,480015,690,310.3,4
413,11,2024-03-01,379865,1355,445.95,5
414,11,2024-03-02,523515,725,494.16,6
415,11,2024-03-03,330327,812,322.66,6
416,11,2024-03-04,525658,1043,412.04,7
417,11,2024-03-05,364493,1149,471.8,8
418,11,2024-03-06,264023,509,316.19,0
419,11,2024-03-07,168063,842,332.99,8
420,11,2024-03-08,401881,1214,408.89,6
421,11,2024-03-09,417528,1228,461.06,7
422,11,2024-03-10,278875,702,351.55,3
423,11,2024-03-11,493377,1527,451.13,9
424,11,2024-03-12,204475,794,390.06,5
425,12,2024-05-18,129900,389,113.73,2
426,12,2024-05-19,81907,255,104.9,0
427,12,2024-05-20,81493,356,142.43,2
428,12,2024-05-21,118975,365,151.1,2
429,12,2024-05-22,80407,294,132.13,1
430,12,2024-05-23,214240,571,191.76,2
431,12,2024-05-24,90403,340,134.22,1
432,12,2024-05-25,140862,426,118.0,3
433,12,2024-05-26,118782,351,137.63,2
434,12,2024-05-27,97054,273,132.77,1
435,12,2024-05-28,129889,355,132.47,3
436,12,2024-05-29,153707,491,190.49,2
437,12,2024-05-30,103807,343,134.48,2
438,12,2024-05-31,84083,363,144.59,1
439,12,2024-06-01,301000,301,109.3,1
440,12,2024-06-02,53897,207,93.37,1
441,12,2024-06-03,151392,392,127.56,1
442,12,2024-06-04,204640,863,179.22,6
443,12,2024-06-05,96565,408,147.62,2
444,12,2024-06-06,186714,340,129.6,2
445,12,2024-06-07,146129,515,174.24,2
446,12,2024-06-08,88281,276,119.54,2
447,12,2024-06-09,131887,222,100.71,1
448,12,2024-06-10,119361,407,172.54,1
449,12,2024-06-11,187610,591,173.0,0
450,12,2024-06-12,1003000,1003,188.44,6
451,12,2024-06-13,270239,556,197.39,2
452,12,2024-06-14,132361,465,187.95,2
453,12,2024-06-15,115233,285,125.74,1
454,12,2024-06-16,78698,265,89.96,2
455,12,2024-06-17,214518,580,127.24,1
456,12,2024-06-18,83790,331,143.44,2
457,12,2024-06-19,188882,444,190.65,2
458,12,2024-06-20,194459,597,198.87,4
459,12,2024-06-21,75176,313,124.61,1
460,12,2024-06-22,96564,308,129.94,2
461,12,2024-06-23,215824,499,112.55,3
462,12,2024-06-24,171175,490,167.51,3
463,12,2024-06-25,75375,358,167.92,1
464,12,2024-06-26,134353,370,160.37,1
465,12,2024-06-27,124708,392,158.41,3
466,12,2024-06-28,160262,381,159.89,2
467,12,2024-06-29,292000,292,97.87,1
468,12,2024-06-30,308972,462,94.62,3
469,12,2024-07-01,127707,384,136.04,2
470,12,2024-07-02,452513,509,165.13,2
471,12,2024-07-03,224188,629,193.8,2
472,12,2024-07-04,92001,375,147.05,1
473,12,2024-07-05,199820,469,158.87,1
474,12,2024-07-06,147224,481,106.61,2
475,12,2024-07-07,107827,265,117.59,1
476,12,2024-07-08,198794,543,174.26,1
477,12,2024-07-09,193455,521,155.9,4
478,12,2024-07-10,136209,378,125.2,1
479,12,2024-07-11,99829,415,194.59,3
480,12,2024-07-12,140229,520,120.35,2
481,12,2024-07-13,80844,294,117.85,1
482,12,2024-07-14,99434,295,91.61,1
483,12,2024-07-15,97043,244,143.05,0
484,12,2024-07-16,104296,414,177.65,2
485,12,2024-07-17,149477,337,174.73,1
486,12,2024-07-18,146842,645,182.42,2
487,12,2024-07-19,357202,824,185.08,1
488,12,2024-07-20,62491,252,117.21,1
489,12,2024-07-21,166896,298,104.57,0
490,12,2024-07-22,83984,362,121.57,2
491,12,2024-07-23,178895,409,146.69,2
492,12,2024-07-24,344915,609,167.82,2
493,12,2024-07-25,149729,380,198.28,1
494,12,2024-07-26,123227,437,121.74,2
495,12,2024-07-27,141005,372,105.11,0
496,12,2024-07-28,105762,391,133.89,1
497,12,2024-07-29,447902,678,167.59,4
498,12,2024-07-30,134600,637,131.83,6
499,12,2024-07-31,120868,511,180.26,1
500,12,2024-08-01,158553,449,135.05,1
501,12,2024-08-02,107614,376,141.08,2
502,12,2024-08-03,80408,408,91.44,1
503,12,2024-08-04,72317,282,110.95,2
504,12,2024-08-05,115990,294,135.59,1
505,12,2024-08-06,195623,634,157.44,3
506,12,2024-08-07,111546,369,188.87,1
507,12,2024-08-08,105340,408,129.49,1
508,12,2024-08-09,173289,715,197.72,3
509,12,2024-08-10,212306,458,116.52,2
510,12,2024-08-11,337000,337,105.24,3
511,13,2024-01-17,22423,224,224.18,5
512,13,2024-01-18,24308,253,265.06,5
513,13,2024-01-19,24550,255,254.04,5
514,13,2024-01-20,17196,223,216.97,4
515,13,2024-01-21,14305,147,163.95,3
516,13,2024-01-22,22139,179,176.39,2
517,13,2024-01-23,40455,362,248.7,6
518,13,2024-01-24,13054,172,163.43,4
519,13,2024-01-25,29614,273,241.8,6
520,13,2024-01-26,20324,245,244.56,6
521,13,2024-01-27,22419,245,171.45,3
522,13,2024-01-28,33979,293,169.01,5
523,13,2024-01-29,23546,302,249.11,5
524,13,2024-01-30,21113,274,215.91,7
525,13,2024-01-31,23671,210,167.3,3
526,13,2024-02-01,20165,272,192.21,5
527,13,2024-02-02,31407,333,196.58,7
528,13,2024-02-03,18233,275,227.01,3
529,13,2024-02-04,15202,213,175.15,6
530,13,2024-02-05,31473,366,229.31,6
531,13,2024-02-06,15617,198,187.99,4
532,13,2024-02-07,17409,212,218.02,3
533,13,2024-02-08,32063,350,191.17,7
534,13,2024-02-09,28947,247,167.75,6
535,13,2024-02-10,20097,222,161.9,5
536,13,2024-02-11,18775,253,168.65,4
537,13,2024-02-12,28959,251,196.02,6
538,13,2024-02-13,22226,262,195.7,5
539,13,2024-02-14,19972,265,208.7,5
540,13,2024-02-15,11920,182,203.72,4
541,13,2024-02-16,21050,180,162.35,3
542,13,2024-02-17,26007,293,244.02,6
543,13,2024-02-18,22472,228,194.05,4
544,13,2024-02-19,21633,238,200.74,5
545,13,2024-02-20,33263,345,208.58,4
546,13,2024-02-21,28526,275,167.53,7
547,13,2024-02-22,26430,329,250.61,6
548,13,2024-02-23,17369,226,256.87,3
549,13,2024-02-24,32833,320,227.47,8
550,13,2024-02-25,27987,208,195.95,6
551,13,2024-02-26,26621,281,238.85,4
552,13,2024-02-27,24813,276,168.15,4
553,13,2024-02-28,42376,322,190.76,6
554,13,2024-02-29,26538,484,205.52,12
555,13,2024-03-01,16551,180,162.95,5
556,13,2024-03-02,17419,229,195.54,5
557,13,2024-03-03,24013,278,218.14,7
558,13,2024-03-04,42154,307,217.78,4
559,13,2024-03-05,24043,167,162.03,4
560,13,2024-03-06,36951,229,211.31,3
561,13,2024-03-07,27645,238,168.97,6
562,13,2024-03-08,23864,264,213.02,5
563,13,2024-03-09,37127,336,265.79,5
564,13,2024-03-10,16301,242,177.08,5
565,13,2024-03-11,26083,258,224.29,3
566,14,2024-10-17,120366,527,406.15,3
567,14,2024-10-18,353434,823,451.61,9
568,14,2024-10-19,102778,445,291.84,7
569,14,2024-10-20,72812,522,305.3,5
570,14,2024-10-21,188258,1058,407.18,10
571,14,2024-10-22,231111,511,430.97,4
572,14,2024-10-23,172901,545,311.18,5
573,14,2024-10-24,67633,456,289.55,5
574,14,2024-10-25,52743,530,328.7,3
575,14,2024-10-26,80555,490,293.87,6
576,14,2024-10-27,128579,881,449.82,9
577,14,2024-10-28,210625,740,421.69,6
578,14,2024-10-29,143866,588,399.89,7
579,14,2024-10-30,72990,666,385.78,8
580,14,2024-10-31,166038,581,322.93,7
581,14,2024-11-01,71888,534,340.31,5
582,14,2024-11-02,58924,601,285.66,6
583,14,2024-11-03,215533,618,302.35,4
584,14,2024-11-04,479064,1086,421.12,15
585,14,2024-11-05,239019,679,427.34,10
586,14,2024-11-06,125237,755,325.12,6
587,14,2024-11-07,94286,530,321.47,3
588,14,2024-11-08,51437,475,388.58,5
589,14,2024-11-09,91163,494,332.99,7
590,14,2024-11-10,224040,694,369.2,7
591,14,2024-11-11,192523,760,390.64,7
592,14,2024-11-12,463000,463,293.51,5
593,14,2024-11-13,104352,826,431.7,11
594,14,2024-11-14,246026,601,402.51,7
595,14,2024-11-15,542000,542,359.65,4
596,14,2024-11-16,100152,737,337.0,5
597,14,2024-11-17,92049,761,418.81,5
598,14,2024-11-18,186741,947,413.34,11
599,14,2024-11-19,180483,462,349.51,4
600,14,2024-11-20,144730,628,381.93,7
601,14,2024-11-21,105786,657,426.05,4
602,14,2024-11-22,116971,612,413.68,7
603,14,2024-11-23,196702,1242,376.21,17
604,14,2024-11-24,80957,523,366.47,6
605,14,2024-11-25,106892,786,416.4,7
606,14,2024-11-26,77627,534,344.73,7
607,14,2024-11-27,102656,634,416.04,2
608,14,2024-11-28,73602,544,310.67,7
609,14,2024-11-29,88861,614,352.02,8
610,14,2024-11-30,134403,941,432.86,10
611,14,2024-12-01,59705,363,289.87,3
612,14,2024-12-02,413981,701,429.66,10
613,14,2024-12-03,171788,683,304.82,8
614,14,2024-12-04,85922,633,429.04,4
615,14,2024-12-05,139181,657,387.02,5
616,14,2024-12-06,261565,773,346.15,11
617,14,2024-12-07,146922,837,417.09,7
618,14,2024-12-08,138308,521,361.06,7
619,14,2024-12-09,79044,450,290.79,6
620,14,2024-12-10,105104,555,398.33,3
621,15,2024-08-22,147197,1386,1075.69,25
622,15,2024-08-23,187414,2080,1185.33,35
623,15,2024-08-24,83625,766,802.55,13
624,15,2024-08-25,125952,820,882.43,14
625,15,2024-08-26,137529,1460,814.96,37
626,15,2024-08-27,212908,1881,1179.68,41
627,15,2024-08-28,80643,932,752.95,20
628,15,2024-08-29,204611,1453,1014.86,36
629,15,2024-08-30,51634,725,724.05,9
630,15,2024-08-31,62762,882,846.38,19
631,15,2024-09-01,125439,1484,1169.26,43
632,15,2024-09-02,108710,1121,1041.85,23
633,15,2024-09-03,210626,1291,995.4,26
634,15,2024-09-04,98394,1249,1118.16,19
635,15,2024-09-05,162046,1714,1183.73,38
636,15,2024-09-06,112387,1089,924.24,14
637,15,2024-09-07,120300,1292,1062.56,37
638,15,2024-09-08,86502,821,832.49,18
639,15,2024-09-09,73127,929,812.06,16
640,15,2024-09-10,112145,1211,835.13,21
641,15,2024-09-11,71758,1004,1066.99,23
642,15,2024-09-12,111330,1250,1110.12,30
643,15,2024-09-13,60257,786,812.54,17
644,15,2024-09-14,53333,696,749.54,13
645,15,2024-09-15,149393,1771,996.13,44
646,15,2024-09-16,128839,1328,1035.32,37
647,15,2024-09-17,135505,1077,1018.02,13
648,15,2024-09-18,213338,1995,1027.13,50
649,15,2024-09-19,117686,1296,928.97,32
650,15,2024-09-20,98522,938,767.2,26
651,15,2024-09-21,151214,1440,1029.93,34
652,15,2024-09-22,134756,1713,1138.18,44
653,15,2024-09-23,150350,1150,769.6,24
654,16,2024-10-02,735024,1212,332.15,5
655,16,2024-10-03,254148,1018,379.96,4
656,16,2024-10-04,388780,1077,327.27,5
657,16,2024-10-05,370563,1117,335.06,8
658,16,2024-10-06,212567,727,381.49,5
659,16,2024-10-07,285499,959,316.43,4
660,16,2024-10-08,280721,725,358.0,4
661,16,2024-10-09,126880,602,271.73,3
662,16,2024-10-10,225297,627,302.57,4
663,16,2024-10-11,306678,1104,329.49,7
664,16,2024-10-12,184762,743,282.98,8
665,16,2024-10-13,544000,544,312.61,4
666,16,2024-10-14,500000,500,272.78,3
667,16,2024-10-15,149639,781,386.81,5
668,16,2024-10-16,359679,757,263.89,4
669,16,2024-10-17,530436,910,357.69,6
670,16,2024-10-18,264783,715,327.62,4
671,16,2024-10-19,384338,859,374.12,9
672,16,2024-10-20,203009,666,357.13,7
673,16,2024-10-21,239639,800,381.2,2
674,16,2024-10-22,527739,887,373.93,5
675,16,2024-10-23,221455,891,384.27,5
676,16,2024-10-24,343232,1015,375.88,7
677,16,2024-10-25,157078,619,255.69,4
678,16,2024-10-26,240254,575,255.62,4
679,16,2024-10-27,171414,745,306.03,3
680,16,2024-10-28,342221,813,301.96,5
681,16,2024-10-29,182175,495,305.07,4
682,16,2024-10-30,125427,458,246.13,2
683,16,2024-10-31,153556,693,323.74,6
684,16,2024-11-01,247419,763,367.43,7
685,16,2024-11-02,107817,488,267.66,2
686,16,2024-11-03,170176,561,276.58,4
687,16,2024-11-04,178984,795,392.96,6
688,16,2024-11-05,365951,720,339.21,5
689,16,2024-11-06,239751,943,322.09,5
690,16,2024-11-07,318312,837,284.17,3
691,16,2024-11-08,427905,1297,392.9,9
692,16,2024-11-09,223026,783,307.23,7
693,16,2024-11-10,369718,703,374.69,5
694,16,2024-11-11,439047,801,348.6,4
695,16,2024-11-12,219929,814,275.92,3
696,16,2024-11-13,197899,703,352.78,5
697,16,2024-11-14,241051,1069,368.91,6
698,16,2024-11-15,197632,662,287.12,2
699,16,2024-11-16,190411,793,251.12,6
700,16,2024-11-17,297146,991,407.31,7
701,16,2024-11-18,247011,772,285.39,7
702,17,2024-04-22,737653,1463,446.46,6
703,17,2024-04-23,262234,630,294.67,0
704,17,2024-04-24,273048,989,416.98,7
705,17,2024-04-25,191233,960,437.88,6
706,17,2024-04-26,323699,1018,403.93,5
707,17,2024-04-27,238051,597,305.76,1
708,17,2024-04-28,258934,872,284.1,0
709,17,2024-04-29,203137,721,331.29,4
710,17,2024-04-30,121715,603,300.66,2
711,17,2024-05-01,357793,1016,421.47,5
712,17,2024-05-02,394619,1583,424.05,12
713,17,2024-05-03,431743,854,343.61,2
714,17,2024-05-04,149787,747,298.77,2
715,17,2024-05-05,177331,768,316.68,5
716,17,2024-05-06,357152,1087,445.72,6
717,17,2024-05-07,508287,1366,384.88,2
718,17,2024-05-08,238461,1134,468.65,9
719,17,2024-05-09,412136,1175,359.03,8
720,17,2024-05-10,630688,1179,461.22,7
721,17,2024-05-11,279275,897,320.16,2
722,17,2024-05-12,213023,693,311.98,4
723,17,2024-05-13,356958,1028,478.73,4
724,17,2024-05-14,327470,915,303.3,3
725,17,2024-05-15,417405,958,304.08,1
726,17,2024-05-16,321085,881,309.87,3
727,17,2024-05-17,806799,2047,478.67,7
728,17,2024-05-18,213308,536,243.79,2
729,17,2024-05-19,266461,496,237.98,2
730,17,2024-05-20,302840,899,356.65,2
731,17,2024-05-21,222107,729,348.86,3
732,17,2024-05-22,406591,1362,388.17,4
733,17,2024-05-23,381468,1135,343.29,1
734,18,2024-02-26,695052,2004,678.66,7
735,18,2024-02-27,298201,1384,572.31,10
736,18,2024-02-28,479109,1626,690.3,1
737,18,2024-02-29,993355,2484,683.84,20
738,18,2024-03-01,376510,1599,582.28,7
739,18,2024-03-02,269581,1093,380.77,4
740,18,2024-03-03,788648,2174,462.8,9
741,18,2024-03-04,1049921,1832,716.38,7
742,18,2024-03-05,324976,1071,626.75,2
743,18,2024-03-06,538492,1832,547.1,4
744,18,2024-03-07,552228,1321,519.77,5
745,18,2024-03-08,604095,1697,679.64,8
746,18,2024-03-09,196303,828,336.09,3
747,18,2024-03-10,467263,1007,381.99,5
748,18,2024-03-11,632868,1201,489.52,7
749,18,2024-03-12,415663,1471,502.11,8
750,18,2024-03-13,657724,1554,621.66,9
751,18,2024-03-14,667933,1829,572.27,12
752,18,2024-03-15,592684,1223,450.05,4
753,18,2024-03-16,250643,975,355.55,7
754,18,2024-03-17,957000,957,338.44,3
755,18,2024-03-18,501392,1321,612.77,5
756,18,2024-03-19,554375,2089,587.55,11
757,18,2024-03-20,615288,1847,587.33,9
758,18,2024-03-21,634457,1721,566.39,9
759,18,2024-03-22,671854,1813,445.64,9
760,18,2024-03-23,472171,1220,364.33,3
761,18,2024-03-24,407538,972,470.78,5
762,18,2024-03-25,411883,1518,507.58,13
763,18,2024-03-26,785523,2226,709.86,17
764,18,2024-03-27,474102,1330,506.85,6
765,18,2024-03-28,548211,1752,719.31,11
766,18,2024-03-29,650271,2516,636.62,10
767,18,2024-03-30,357162,1262,500.59,3
768,19,2024-07-14,10126,138,93.47,3
769,19,2024-07-15,19966,143,94.48,2
770,19,2024-07-16,6790,95,66.82,1
771,19,2024-07-17,16321,123,92.41,1
772,19,2024-07-18,9595,108,93.65,0
773,19,2024-07-19,5868,58,66.28,1
774,19,2024-07-20,10179,83,78.84,2
775,19,2024-07-21,7197,92,72.19,1
776,19,2024-07-22,7011,66,64.15,1
777,19,2024-07-23,5267,85,73.23,1
778,19,2024-07-24,18128,125,68.3,3
779,19,2024-07-25,9405,75,63.15,1
780,19,2024-07-26,7204,91,84.73,2
781,19,2024-07-27,5882,79,88.07,1
782,19,2024-07-28,6866,73,69.32,1
783,19,2024-07-29,11019,118,78.8,2
784,19,2024-07-30,10520,118,84.95,2
785,19,2024-07-31,10826,138,77.11,2
786,19,2024-08-01,7992,78,70.1,2
787,19,2024-08-02,8256,107,65.51,1
788,19,2024-08-03,8396,90,88.17,2
789,19,2024-08-04,7411,70,70.23,1
790,19,2024-08-05,12729,82,60.13,0
791,19,2024-08-06,16911,120,88.82,2
792,19,2024-08-07,14840,80,71.51,1
793,19,2024-08-08,6282,106,92.3,2
794,19,2024-08-09,7847,97,72.39,1
795,19,2024-08-10,6881,86,93.77,1
796,19,2024-08-11,6624,85,61.33,1
797,19,2024-08-12,11417,104,82.03,1
798,19,2024-08-13,7249,89,88.55,2
799,19,2024-08-14,9276,94,71.09,1
800,19,2024-08-15,15964,149,82.56,3
801,19,2024-08-16,9446,94,71.91,1
802,19,2024-08-17,17966,116,90.28,2
803,19,2024-08-18,8502,87,75.98,2
804,19,2024-08-19,5944,69,72.22,2
805,19,2024-08-20,8111,77,82.62,1
806,19,2024-08-21,6985,102,88.52,2
807,19,2024-08-22,7529,78,73.28,1
808,19,2024-08-23,19429,100,75.28,2
809,19,2024-08-24,9308,100,78.66,2
810,19,2024-08-25,6867,97,70.04,2
811,19,2024-08-26,9397,90,92.84,1
812,19,2024-08-27,12030,106,81.94,2
813,19,2024-08-28,13785,104,92.53,1
814,19,2024-08-29,15436,116,77.65,2
815,19,2024-08-30,6268,60,63.4,1
816,19,2024-08-31,5160,73,57.55,2
817,19,2024-09-01,8651,82,63.1,1
818,19,2024-09-02,13657,72,58.41,1
819,19,2024-09-03,6580,73,58.0,1
820,19,2024-09-04,10333,60,58.44,1
821,19,2024-09-05,13890,167,93.87,2
822,19,2024-09-06,7016,95,91.23,0
823,19,2024-09-07,5690,58,58.84,1
824,19,2024-09-08,6655,71,65.49,1
825,19,2024-09-09,8645,75,69.72,1
826,19,2024-09-10,12936,102,73.69,1
827,19,2024-09-11,11959,89,77.02,2
828,19,2024-09-12,6962,67,62.76,1
829,19,2024-09-13,7733,65,70.62,1
830,19,2024-09-14,13052,92,64.26,2
831,19,2024-09-15,9119,117,90.54,2
832,19,2024-09-16,7827,109,66.04,2
833,19,2024-09-17,7355,107,82.46,2
834,19,2024-09-18,13226,98,70.59,2
835,19,2024-09-19,4530,65,60.0,1
836,19,2024-09-20,4427,79,67.9,1
837,19,2024-09-21,15381,133,72.52,3
838,19,2024-09-22,6490,75,64.56,1
839,19,2024-09-23,7066,84,88.15,2
840,19,2024-09-24,6787,93,66.52,2
841,19,2024-09-25,4481,72,69.22,2
842,19,2024-09-26,13598,82,78.75,1
843,19,2024-09-27,11662,92,86.08,2
844,19,2024-09-28,11475,136,85.26,2
845,19,2024-09-29,24487,114,89.15,2
846,19,2024-09-30,10529,82,74.57,2
847,19,2024-10-01,12516,105,77.72,2
848,19,2024-10-02,6058,70,58.83,1
849,19,2024-10-03,10089,111,78.31,2
850,19,2024-10-04,9445,99,69.85,2
851,19,2024-10-05,6591,93,62.35,2
852,19,2024-10-06,8206,106,91.08,2
853,19,2024-10-07,8760,103,82.7,2
854,19,2024-10-08,12055,124,80.96,2
855,19,2024-10-09,11702,85,84.57,0
856,19,2024-10-10,5643,66,62.02,1
857,19,2024-10-11,6312,57,60.84,1
858,19,2024-10-12,7998,66,56.92,1
859,20,2024-01-06,509715,2752,1604.41,35
860,20,2024-01-07,937334,1589,1449.48,21
861,20,2024-01-08,969064,4661,1926.9,47
862,20,2024-01-09,326692,2887,1460.08,10
863,20,2024-01-10,527319,4234,2170.59,36
864,20,2024-01-11,1400374,5172,1986.68,74
865,20,2024-01-12,477511,3177,1493.51,51
866,20,2024-01-13,428793,3029,2012.38,36
867,20,2024-01-14,307696,2732,1828.89,26
868,20,2024-01-15,987668,5212,1936.02,63
869,20,2024-01-16,355415,1676,1486.51,14
870,20,2024-01-17,377331,2412,1423.85,19
871,20,2024-01-18,820135,2837,1869.48,47
872,20,2024-01-19,354261,2773,1602.43,17
873,20,2024-01-20,411524,3528,2192.83,30
874,20,2024-01-21,804992,2631,1957.84,27
875,20,2024-01-22,784342,5975,2013.41,59
876,20,2024-01-23,935331,3692,2072.66,54
877,20,2024-01-24,546891,2648,1989.57,11
878,20,2024-01-25,1023138,5076,2226.48,50
879,20,2024-01-26,501310,3347,1906.24,34
880,20,2024-01-27,509373,3523,1834.35,28
881,20,2024-01-28,1485521,6875,2284.11,56
882,20,2024-01-29,1638742,3953,2179.42,27
883,20,2024-01-30,542845,2411,1974.96,27
884,20,2024-01-31,598790,3500,2244.62,25
885,20,2024-02-01,587255,5274,1922.03,44
886,20,2024-02-02,459645,3223,1729.93,28
887,20,2024-02-03,571164,2649,1562.67,37
888,21,2024-08-10,82077,337,131.73,1
889,21,2024-08-11,153965,340,129.41,1
890,21,2024-08-12,127818,374,162.76,1
891,21,2024-08-13,178090,565,175.13,4
892,21,2024-08-14,68671,362,143.18,1
893,21,2024-08-15,172623,673,211.0,4
894,21,2024-08-16,133004,457,139.56,0
895,21,2024-08-17,98483,342,131.97,2
896,21,2024-08-18,183650,427,155.43,1
897,21,2024-08-19,144172,653,175.77,3
898,21,2024-08-20,394758,674,217.68,2
899,21,2024-08-21,105504,444,176.01,3
900,21,2024-08-22,166076,572,186.17,4
901,21,2024-08-23,175488,833,206.99,4
902,21,2024-08-24,89541,320,133.52,0
903,21,2024-08-25,76528,272,131.39,0
904,21,2024-08-26,178293,515,196.31,1
905,21,2024-08-27,186798,458,150.72,1
906,21,2024-08-28,478000,478,171.96,4
907,21,2024-08-29,150825,481,170.6,1
908,21,2024-08-30,81563,383,142.36,3
909,21,2024-08-31,118611,364,150.83,3
910,21,2024-09-01,91928,234,98.03,1
911,21,2024-09-02,202910,633,151.31,3
912,21,2024-09-03,98295,391,148.83,0
913,21,2024-09-04,106495,508,142.87,0
914,21,2024-09-05,201568,401,138.09,1
915,21,2024-09-06,108911,382,144.83,1
916,21,2024-09-07,97269,260,120.07,1
917,21,2024-09-08,62620,253,106.49,0
918,21,2024-09-09,133837,377,219.49,1
919,21,2024-09-10,153863,408,167.62,1
920,21,2024-09-11,123985,412,172.1,2
921,21,2024-09-12,115745,472,152.3,1
922,21,2024-09-13,110051,378,188.32,2
923,22,2024-04-01,277929,1464,877.59,15
924,22,2024-04-02,240097,1682,759.72,5
925,22,2024-04-03,339380,1474,925.84,11
926,22,2024-04-04,232816,1126,615.14,8
927,22,2024-04-05,612846,3038,804.46,43
928,22,2024-04-06,356974,2068,769.74,15
929,22,2024-04-07,276455,1846,761.53,26
930,22,2024-04-08,195261,1515,765.4,11
931,22,2024-04-09,151904,1163,766.69,11
932,22,2024-04-10,140366,693,605.67,4
933,22,2024-04-11,348126,2172,778.53,23
934,22,2024-04-12,164535,1198,662.2,13
935,22,2024-04-13,223268,1312,620.96,17
936,22,2024-04-14,106988,847,707.35,9
937,22,2024-04-15,142551,908,629.07,13
938,22,2024-04-16,171796,1141,715.62,13
939,22,2024-04-17,339820,1502,768.45,13
940,22,2024-04-18,133274,1366,669.91,20
941,22,2024-04-19,226405,1449,714.44,9
942,22,2024-04-20,131852,1118,661.33,10
943,22,2024-04-21,90614,758,561.42,8
944,22,2024-04-22,128309,1093,765.65,15
945,22,2024-04-23,259855,1370,901.81,13
946,22,2024-04-24,99607,1006,638.1,11
947,22,2024-04-25,126128,955,644.93,8
948,22,2024-04-26,277189,1682,634.04,19
949,22,2024-04-27,280065,1288,902.85,17
950,22,2024-04-28,321219,1294,914.38,13
951,22,2024-04-29,135316,1251,805.38,13
952,22,2024-04-30,169464,1660,672.05,13
953,22,2024-05-01,506024,1601,832.64,13
954,22,2024-05-02,304265,1682,846.8,22
955,22,2024-05-03,567546,2092,834.89,22
956,22,2024-05-04,276610,1211,596.7,9
957,22,2024-05-05,215345,1601,856.23,14
958,22,2024-05-06,204327,1287,812.28,15
959,22,2024-05-07,133274,802,679.26,6
960,22,2024-05-08,170601,1151,672.01,13
961,22,2024-05-09,160896,1075,607.19,15
962,22,2024-05-10,222719,1273,857.39,15
963,22,2024-05-11,305526,1392,874.65,18
964,22,2024-05-12,153987,904,649.85,10
965,22,2024-05-13,107874,1037,576.17,10
966,22,2024-05-14,137792,876,618.68,12
967,22,2024-05-15,110266,1060,626.44,8
968,22,2024-05-16,142781,1009,863.6,13
969,22,2024-05-17,118608,934,595.36,7
970,22,2024-05-18,242561,1178,882.36,14
971,22,2024-05-19,188404,1201,707.5,8
972,22,2024-05-20,167854,960,648.54,11
973,22,2024-05-21,342041,1845,843.87,20
974,22,2024-05-22,535135,1674,918.14,11
975,22,2024-05-23,342291,2699,683.88,29
976,22,2024-05-24,187152,1055,744.58,11
977,22,2024-05-25,214712,2038,802.2,30
978,22,2024-05-26,168293,1177,628.86,16
979,22,2024-05-27,343710,1866,711.65,20
980,22,2024-05-28,114284,867,675.27,9
981,22,2024-05-29,321259,1665,684.23,20
982,22,2024-05-30,140591,934,618.51,10
983,22,2024-05-31,312794,1225,715.94,8
984,22,2024-06-01,405953,1960,786.7,23
985,22,2024-06-02,196959,1003,569.47,9
986,22,2024-06-03,163206,1013,721.0,17
987,22,2024-06-04,175280,1579,875.74,17
988,22,2024-06-05,342480,1498,922.27,20
989,22,2024-06-06,252122,1229,755.94,8
990,22,2024-06-07,207405,1660,859.95,15
991,22,2024-06-08,278261,1230,556.5,14
992,22,2024-06-09,675019,1578,664.33,11
993,22,2024-06-10,194585,1524,881.11,13
994,22,2024-06-11,294068,1676,909.85,16
995,22,2024-06-12,283149,1420,666.81,13
996,22,2024-06-13,202448,1288,791.73,19
997,22,2024-06-14,163491,1053,585.15,16
998,22,2024-06-15,270659,1535,902.95,17
999,22,2024-06-16,450484,1385,661.67,19
1000,22,2024-06-17,467916,1972,615.57,24
1001,22,2024-06-18,147530,890,671.35,11
1002,23,2024-03-19,10013,289,407.69,12
1003,23,2024-03-20,13160,440,462.25,18
1004,23,2024-03-21,9742,308,379.95,10
1005,23,2024-03-22,15926,489,602.7,26
1006,23,2024-03-23,11357,306,317.58,14
1007,23,2024-03-24,5999,235,283.7,7
1008,23,2024-03-25,20085,566,525.85,22
1009,23,2024-03-26,11827,486,516.2,19
1010,23,2024-03-27,9906,395,427.81,12
1011,23,2024-03-28,12774,542,517.31,21
1012,23,2024-03-29,12478,385,484.83,18
1013,23,2024-03-30,6571,255,277.47,8
1014,23,2024-03-31,7570,194,268.14,9
1015,23,2024-04-01,13727,445,464.58,15
1016,23,2024-04-02,10858,390,445.1,21
1017,23,2024-04-03,8291,402,587.12,15
1018,23,2024-04-04,20389,559,595.0,17
1019,23,2024-04-05,13650,453,556.43,21
1020,23,2024-04-06,11369,282,410.37,11
1021,23,2024-04-07,8883,344,386.75,15
1022,23,2024-04-08,20313,423,478.87,17
1023,23,2024-04-09,11212,408,593.29,15
1024,23,2024-04-10,11029,349,476.12,17
1025,23,2024-04-11,12744,477,564.82,23
1026,23,2024-04-12,14773,453,577.41,19
1027,23,2024-04-13,6901,315,327.8,11
1028,23,2024-04-14,6957,261,367.94,9
1029,23,2024-04-15,17384,494,503.7,20
1030,23,2024-04-16,8483,284,422.53,13
1031,23,2024-04-17,10529,418,486.32,14
1032,23,2024-04-18,11195,363,479.33,14
1033,23,2024-04-19,10567,284,369.57,12
1034,23,2024-04-20,5364,204,284.93,11
1035,23,2024-04-21,12606,494,384.57,18
1036,23,2024-04-22,15546,496,590.3,18
1037,23,2024-04-23,16127,694,570.19,36
1038,23,2024-04-24,10745,400,453.06,18
1039,23,2024-04-25,14004,455,414.11,20
1040,23,2024-04-26,11338,346,525.77,13
1041,23,2024-04-27,9147,208,265.69,9
1042,23,2024-04-28,7318,251,333.58,12
1043,23,2024-04-29,13503,402,433.09,25
1044,23,2024-04-30,11670,369,517.22,12
1045,23,2024-05-01,12865,447,521.31,14
1046,23,2024-05-02,10314,435,533.49,24
1047,23,2024-05-03,18346,663,489.94,21
1048,23,2024-05-04,7465,340,397.31,12
1049,23,2024-05-05,11308,269,333.98,12
1050,23,2024-05-06,24803,536,596.52,23
1051,23,2024-05-07,15655,481,550.84,22
1052,23,2024-05-08,7683,337,372.29,15
1053,23,2024-05-09,8272,300,488.76,12
1054,23,2024-05-10,18377,571,475.0,27
1055,23,2024-05-11,5823,199,292.14,8
1056,23,2024-05-12,8172,274,279.08,10
1057,23,2024-05-13,22475,551,577.15,23
1058,23,2024-05-14,21495,492,511.56,24
1059,23,2024-05-15,14018,408,447.03,18
1060,23,2024-05-16,12823,559,607.26,27
1061,23,2024-05-17,9319,437,439.56,24
1062,23,2024-05-18,7331,272,307.13,11
1063,23,2024-05-19,5973,202,268.23,10
1064,24,2024-01-10,27976,386,444.21,7
1065,24,2024-01-11,69345,770,522.78,21
1066,24,2024-01-12,56296,697,401.05,15
1067,24,2024-01-13,77421,617,526.96,11
1068,24,2024-01-14,44076,584,604.18,13
1069,24,2024-01-15,81403,708,539.1,17
1070,24,2024-01-16,36332,462,457.22,8
1071,24,2024-01-17,78830,554,501.19,11
1072,24,2024-01-18,64870,638,499.77,12
1073,24,2024-01-19,36914,569,432.48,10
1074,24,2024-01-20,31472,470,389.55,9
1075,24,2024-01-21,86318,727,605.55,14
1076,24,2024-01-22,82163,633,591.42,17
1077,24,2024-01-23,123232,905,618.99,23
1078,24,2024-01-24,51538,659,616.76,11
1079,24,2024-01-25,78243,714,568.31,11
1080,24,2024-01-26,63773,960,630.36,24
1081,24,2024-01-27,65857,627,628.75,16
1082,24,2024-01-28,37262,538,426.67,9
1083,24,2024-01-29,42131,731,480.77,12
1084,24,2024-01-30,41277,424,395.65,4
1085,24,2024-01-31,109986,655,423.47,14
1086,24,2024-02-01,70032,835,605.32,12
1087,24,2024-02-02,57048,511,549.57,11
1088,24,2024-02-03,63049,896,382.68,24
1089,24,2024-02-04,42582,463,390.56,9
1090,24,2024-02-05,115193,1481,611.82,43
1091,24,2024-02-06,50856,728,583.35,6
1092,24,2024-02-07,89153,843,626.23,18
1093,25,2024-10-17,174676,518,188.32,1
1094,25,2024-10-18,93859,331,189.49,2
1095,25,2024-10-19,207562,646,163.99,6
1096,25,2024-10-20,123583,334,143.84,2
1097,25,2024-10-21,74751,337,143.28,1
1098,25,2024-10-22,132053,373,146.06,2
1099,25,2024-10-23,219476,645,198.29,4
1100,25,2024-10-24,99745,327,176.1,1
1101,25,2024-10-25,174413,330,142.0,1
1102,25,2024-10-26,56540,192,121.7,1
1103,25,2024-10-27,101459,572,154.04,5
1104,25,2024-10-28,112269,460,190.78,1
1105,25,2024-10-29,122996,438,193.41,1
1106,25,2024-10-30,149830,486,195.96,2
1107,25,2024-10-31,266727,381,142.06,2
1108,25,2024-11-01,82711,289,131.86,0
1109,25,2024-11-02,133847,367,140.17,2
1110,25,2024-11-03,111968,341,165.04,2
1111,25,2024-11-04,218793,297,120.67,2
1112,25,2024-11-05,112499,374,198.87,1
1113,25,2024-11-06,188396,502,162.04,6
1114,25,2024-11-07,64697,315,137.65,2
1115,25,2024-11-08,117990,282,160.6,1
1116,25,2024-11-09,101463,450,147.19,2
1117,25,2024-11-10,76037,332,158.13,3
1118,26,2024-09-29,24391,833,867.18,25
1119,26,2024-09-30,58724,2205,1254.9,96
1120,26,2024-10-01,38375,1353,1684.34,46
1121,26,2024-10-02,30292,1143,1687.58,42
1122,26,2024-10-03,31636,1265,1395.33,51
1123,26,2024-10-04,46828,1242,1242.89,34
1124,26,2024-10-05,35933,980,1010.75,49
1125,26,2024-10-06,50049,1335,1115.7,56
1126,26,2024-10-07,56791,1727,1297.58,60
1127,26,2024-10-08,93659,1991,1763.79,90
1128,26,2024-10-09,26125,1070,1241.18,54
1129,26,2024-10-10,41133,1248,1501.82,55
1130,26,2024-10-11,42292,1567,1596.08,61
1131,26,2024-10-12,16492,680,763.44,26
1132,26,2024-10-13,27425,1131,1223.88,34
1133,26,2024-10-14,45358,1357,1457.26,50
1134,26,2024-10-15,47699,1343,1362.01,65
1135,26,2024-10-16,32741,1100,1330.32,37
1136,26,2024-10-17,39790,1471,1429.56,67
1137,26,2024-10-18,42158,1169,1671.11,46
1138,26,2024-10-19,29013,983,1098.29,41
1139,26,2024-10-20,17400,671,912.62,33
1140,26,2024-10-21,28011,1238,1278.47,49
1141,26,2024-10-22,26200,1143,1562.82,53
1142,26,2024-10-23,40010,865,1264.75,34
1143,26,2024-10-24,31486,1251,1481.86,57
1144,26,2024-10-25,20405,688,1105.47,20
1145,26,2024-10-26,30151,782,903.07,26
1146,26,2024-10-27,27398,998,979.77,48
1147,26,2024-10-28,23845,894,1144.7,35
1148,26,2024-10-29,35474,1265,1527.9,66
1149,27,2024-09-27,40590,143,154.82,3
1150,27,2024-09-28,25461,147,114.07,2
1151,27,2024-09-29,19228,167,147.53,3
1152,27,2024-09-30,33461,130,115.72,4
1153,27,2024-10-01,10013,121,115.89,2
1154,27,2024-10-02,12530,115,113.62,2
1155,27,2024-10-03,13267,140,126.95,3
1156,27,2024-10-04,15200,182,159.43,3
1157,27,2024-10-05,14250,209,128.04,4
1158,27,2024-10-06,9690,138,109.97,3
1159,27,2024-10-07,11027,165,168.52,3
1160,27,2024-10-08,24377,259,179.06,6
1161,27,2024-10-09,11733,113,111.07,2
1162,27,2024-10-10,13035,102,112.17,0
1163,27,2024-10-11,20251,286,175.17,4
1164,27,2024-10-12,21613,215,178.34,2
1165,27,2024-10-13,9123,135,133.82,2
1166,27,2024-10-14,11285,136,130.96,2
1167,27,2024-10-15,9666,114,111.06,2
1168,27,2024-10-16,12499,146,141.32,2
1169,27,2024-10-17,34514,223,167.43,5
1170,27,2024-10-18,16514,209,122.08,5
1171,27,2024-10-19,9699,141,111.71,3
1172,27,2024-10-20,17842,222,114.78,6
1173,27,2024-10-21,17079,163,121.65,3
1174,27,2024-10-22,15672,232,168.81,5
1175,27,2024-10-23,22642,133,131.76,3
1176,27,2024-10-24,10717,145,150.08,3
1177,27,2024-10-25,17851,178,123.04,4
1178,27,2024-10-26,21462,243,170.12,5
1179,27,2024-10-27,7467,110,121.47,2
1180,27,2024-10-28,18093,174,168.38,4
1181,27,2024-10-29,16826,181,154.39,3
1182,27,2024-10-30,18902,160,120.2,3
1183,27,2024-10-31,11947,131,125.17,2
1184,27,2024-11-01,15611,213,162.94,4
1185,27,2024-11-02,14355,187,118.77,4
1186,27,2024-11-03,25511,219,151.02,5
1187,27,2024-11-04,15093,164,140.51,2
1188,27,2024-11-05,32163,201,133.77,4
1189,27,2024-11-06,19175,194,174.21,4
1190,27,2024-11-07,18884,245,173.61,5
1191,27,2024-11-08,24924,230,157.01,4
1192,27,2024-11-09,14522,152,118.57,2
1193,27,2024-11-10,20198,255,165.58,7
1194,27,2024-11-11,15955,232,146.95,6
1195,27,2024-11-12,14810,158,153.54,4
1196,27,2024-11-13,16716,209,179.72,3
1197,27,2024-11-14,17783,238,156.83,4
1198,27,2024-11-15,18852,195,164.5,4
1199,27,2024-11-16,52498,273,153.68,7
1200,27,2024-11-17,20560,249,175.72,5
1201,27,2024-11-18,15262,157,126.43,3
1202,27,2024-11-19,12629,172,160.2,2
1203,27,2024-11-20,15769,106,110.22,2
1204,27,2024-11-21,20669,161,125.15,4
1205,27,2024-11-22,15687,193,151.19,3
1206,27,2024-11-23,14586,224,156.01,4
1207,27,2024-11-24,18693,158,117.98,3
1208,27,2024-11-25,25594,224,167.05,4
1209,27,2024-11-26,14231,161,132.88,2
1210,27,2024-11-27,24836,231,179.33,5
1211,27,2024-11-28,10604,121,113.25,3
1212,27,2024-11-29,12158,171,140.35,4
1213,27,2024-11-30,17046,117,120.74,2
1214,27,2024-12-01,18313,201,146.77,4
1215,27,2024-12-02,16111,162,167.05,4
1216,27,2024-12-03,10122,161,137.83,4
1217,27,2024-12-04,21578,194,138.3,3
1218,28,2024-07-10,15725,241,239.73,4
1219,28,2024-07-11,17057,304,196.45,6
1220,28,2024-07-12,28944,279,229.77,8
1221,28,2024-07-13,31135,289,266.76,4
1222,28,2024-07-14,16447,235,207.55,5
1223,28,2024-07-15,25574,251,228.93,4
1224,28,2024-07-16,16945,213,237.56,3
1225,28,2024-07-17,23494,271,222.13,9
1226,28,2024-07-18,38263,395,288.82,11
1227,28,2024-07-19,17816,337,265.15,6
1228,28,2024-07-20,33059,339,208.63,8
1229,28,2024-07-21,20047,254,293.06,3
1230,28,2024-07-22,22746,267,224.17,4
1231,28,2024-07-23,24803,324,232.66,6
1232,28,2024-07-24,49366,448,289.99,13
1233,28,2024-07-25,27319,379,241.07,6
1234,28,2024-07-26,27811,346,294.68,5
1235,28,2024-07-27,16444,217,208.59,5
1236,28,2024-07-28,26295,271,285.91,4
1237,28,2024-07-29,15148,218,208.93,3
1238,28,2024-07-30,44982,300,212.87,5
1239,28,2024-07-31,39679,288,181.61,5
1240,28,2024-08-01,18355,230,198.34,6
1241,28,2024-08-02,22264,309,184.62,8
1242,28,2024-08-03,29845,380,276.17,7
1243,28,2024-08-04,17997,282,227.83,6
1244,28,2024-08-05,18399,225,203.27,5
1245,28,2024-08-06,34015,254,213.81,7
1246,28,2024-08-07,14200,187,181.29,4
1247,28,2024-08-08,28955,502,258.84,8
1248,28,2024-08-09,20154,318,261.05,6
1249,28,2024-08-10,33151,269,237.25,5
1250,28,2024-08-11,36395,314,252.53,6
1251,28,2024-08-12,29692,271,254.17,1
1252,28,2024-08-13,28030,320,269.3,4
1253,28,2024-08-14,36030,307,244.54,7
1254,28,2024-08-15,27033,254,194.66,5
1255,28,2024-08-16,27518,254,253.73,6
1256,28,2024-08-17,25276,329,207.42,7
1257,28,2024-08-18,16062,226,194.41,4
1258,28,2024-08-19,21152,298,198.48,7
1259,28,2024-08-20,16877,187,191.9,3
1260,28,2024-08-21,77740,314,292.82,7
1261,28,2024-08-22,99810,853,280.62,23
1262,28,2024-08-23,57523,341,278.68,5
1263,28,2024-08-24,32637,400,238.05,8
1264,28,2024-08-25,20679,211,219.18,4
1265,28,2024-08-26,45029,425,292.7,4
1266,28,2024-08-27,19263,240,183.46,2
1267,28,2024-08-28,71073,346,245.19,7
1268,28,2024-08-29,23404,239,210.12,3
1269,28,2024-08-30,35692,293,270.02,6
1270,28,2024-08-31,26602,353,271.98,4
1271,28,2024-09-01,21642,265,203.75,5
1272,28,2024-09-02,21656,279,265.62,5
1273,28,2024-09-03,33929,238,194.39,5
1274,28,2024-09-04,22439,309,244.37,4
1275,28,2024-09-05,29555,338,258.0,7
1276,28,2024-09-06,21470,206,215.12,3
1277,28,2024-09-07,16514,261,224.19,5
1278,28,2024-09-08,29105,422,290.78,9
1279,28,2024-09-09,33139,336,234.99,7
1280,28,2024-09-10,72307,226,199.35,7
1281,28,2024-09-11,23579,303,253.96,5
1282,28,2024-09-12,16529,225,186.78,5
1283,28,2024-09-13,21260,251,195.52,3
1284,28,2024-09-14,29798,321,223.75,4
1285,28,2024-09-15,26893,308,227.95,6
1286,28,2024-09-16,33028,240,242.24,5
1287,28,2024-09-17,35798,213,202.88,4
1288,28,2024-09-18,41983,376,295.19,9
1289,29,2024-02-02,145383,320,129.81,2
1290,29,2024-02-03,150399,323,135.41,1
1291,29,2024-02-04,82286,288,96.85,1
1292,29,2024-02-05,139117,449,150.99,2
1293,29,2024-02-06,332120,436,126.22,2
1294,29,2024-02-07,308807,405,128.83,1
1295,29,2024-02-08,158975,537,180.38,1
1296,29,2024-02-09,141582,516,131.06,3
1297,29,2024-02-10,112640,307,93.91,0
1298,29,2024-02-11,141029,350,138.1,2
1299,29,2024-02-12,112793,435,164.96,1
1300,29,2024-02-13,152834,665,185.96,5
1301,29,2024-02-14,236555,497,187.84,3
1302,29,2024-02-15,111388,384,167.19,1
1303,29,2024-02-16,225911,484,176.19,1
1304,29,2024-02-17,71035,291,84.33,0
1305,29,2024-02-18,75762,263,117.75,1
1306,29,2024-02-19,178479,536,186.62,3
1307,29,2024-02-20,235672,567,196.93,1
1308,29,2024-02-21,132021,407,192.72,1
1309,29,2024-02-22,162661,616,165.94,4
1310,29,2024-02-23,122831,398,134.51,2
1311,29,2024-02-24,115264,423,125.67,3
1312,29,2024-02-25,94285,278,107.34,1
1313,29,2024-02-26,110028,316,130.38,2
1314,29,2024-02-27,238022,558,188.98,2
1315,29,2024-02-28,168306,389,176.55,1
1316,29,2024-02-29,631668,1258,180.78,1
1317,29,2024-03-01,367000,367,148.9,1
1318,29,2024-03-02,134847,243,112.45,1
1319,29,2024-03-03,78635,258,98.75,2
1320,29,2024-03-04,84883,271,121.37,2
1321,29,2024-03-05,184479,512,162.36,1
1322,29,2024-03-06,186721,693,123.23,7
1323,29,2024-03-07,125230,441,138.34,2
1324,29,2024-03-08,145198,542,141.76,1
1325,29,2024-03-09,81839,346,119.49,1
1326,29,2024-03-10,86988,400,137.77,2
1327,29,2024-03-11,121448,367,119.63,2
1328,29,2024-03-12,515000,515,195.9,4
1329,29,2024-03-13,183117,584,194.04,1
1330,29,2024-03-14,83758,442,156.33,1
1331,29,2024-03-15,228429,397,147.36,2
1332,29,2024-03-16,60841,227,102.13,1
1333,29,2024-03-17,90221,352,137.1,1
1334,29,2024-03-18,71744,372,138.62,1
1335,29,2024-03-19,137280,544,163.27,1
1336,29,2024-03-20,104230,399,151.87,2
1337,29,2024-03-21,446392,535,197.66,1
1338,29,2024-03-22,230620,860,187.05,4
1339,29,2024-03-23,73518,275,94.64,1
1340,29,2024-03-24,224358,642,135.59,2
1341,29,2024-03-25,271761,696,187.02,0
1342,29,2024-03-26,233885,709,191.69,5
1343,29,2024-03-27,212864,627,197.48,2
1344,29,2024-03-28,151820,548,131.5,1
1345,29,2024-03-29,115706,357,176.3,3
1346,29,2024-03-30,54142,167,89.7,0
1347,30,2024-02-06,17675,556,649.17,26
1348,30,2024-02-07,18199,628,728.21,23
1349,30,2024-02-08,20811,673,859.18,31
1350,30,2024-02-09,23116,770,699.4,30
1351,30,2024-02-10,10724,373,453.49,18
1352,30,2024-02-11,13163,387,399.57,16
1353,30,2024-02-12,16794,691,893.29,32
1354,30,2024-02-13,18268,665,906.1,29
1355,30,2024-02-14,22800,635,740.29,28
1356,30,2024-02-15,22659,765,727.58,24
1357,30,2024-02-16,44009,995,899.34,48
1358,30,2024-02-17,12287,316,462.15,12
1359,30,2024-02-18,20544,583,633.52,22
1360,30,2024-02-19,14061,455,579.88,19
1361,30,2024-02-20,12052,458,581.61,18
1362,30,2024-02-21,19556,711,837.81,33
1363,30,2024-02-22,18564,581,737.11,22
1364,30,2024-02-23,19800,605,628.23,28
1365,30,2024-02-24,9343,377,402.48,16
1366,30,2024-02-25,13321,443,616.98,18
1367,30,2024-02-26,17626,704,796.14,23
1368,30,2024-02-27,23797,685,845.92,29
1369,31,2024-02-06,55679,614,396.24,6
1370,31,2024-02-07,50446,541,389.06,11
1371,31,2024-02-08,41544,632,435.09,10
1372,31,2024-02-09,55554,542,399.67,8
1373,31,2024-02-10,57941,827,422.77,23
1374,31,2024-02-11,47700,556,289.78,10
1375,31,2024-02-12,97257,663,465.69,17
1376,31,2024-02-13,55998,554,469.9,12
1377,31,2024-02-14,163957,596,417.41,11
1378,31,2024-02-15,23707,334,346.7,6
1379,31,2024-02-16,59374,591,432.78,13
1380,31,2024-02-17,27665,502,400.56,12
1381,31,2024-02-18,28289,429,359.08,10
1382,31,2024-02-19,34682,419,347.98,9
1383,31,2024-02-20,37518,485,336.33,10
1384,31,2024-02-21,88131,910,428.25,14
1385,31,2024-02-22,32585,375,381.99,8
1386,31,2024-02-23,34281,563,421.98,13
1387,31,2024-02-24,49811,418,367.93,13
1388,31,2024-02-25,34836,402,353.69,10
1389,31,2024-02-26,28596,288,305.08,6
1390,31,2024-02-27,48149,443,460.83,5
1391,31,2024-02-28,40975,532,461.57,10
1392,31,2024-02-29,35626,342,322.96,4
1393,31,2024-03-01,49298,483,336.98,11
1394,31,2024-03-02,45061,665,373.67,11
1395,31,2024-03-03,45008,653,460.59,11
1396,31,2024-03-04,24656,352,313.72,6
1397,31,2024-03-05,27617,384,336.05,8
1398,31,2024-03-06,91070,674,390.17,16
1399,31,2024-03-07,59580,460,454.99,11
1400,31,2024-03-08,65552,595,302.64,14
1401,31,2024-03-09,32245,486,418.93,12
1402,31,2024-03-10,38651,355,357.06,9
1403,31,2024-03-11,36566,555,398.57,10
1404,31,2024-03-12,73495,826,446.05,20
1405,31,2024-03-13,55220,445,415.93,9
1406,31,2024-03-14,40422,429,368.53,7
1407,31,2024-03-15,39271,344,333.05,10
1408,31,2024-03-16,55925,505,305.9,9
1409,31,2024-03-17,39498,597,473.68,9
1410,31,2024-03-18,36975,527,397.02,11
1411,31,2024-03-19,73753,657,380.46,7
1412,31,2024-03-20,28720,338,305.28,9
1413,31,2024-03-21,88957,718,480.93,14
1414,31,2024-03-22,44484,443,343.53,11
1415,31,2024-03-23,25900,356,310.36,7
1416,31,2024-03-24,53638,537,343.92,15
1417,31,2024-03-25,63004,601,479.02,14
1418,31,2024-03-26,96251,1236,349.44,28
1419,31,2024-03-27,44094,532,469.29,14
1420,31,2024-03-28,66841,408,347.05,6
1421,31,2024-03-29,51471,521,378.59,9
1422,31,2024-03-30,35956,375,309.92,5
1423,31,2024-03-31,30195,405,372.02,4
1424,31,2024-04-01,64839,500,349.55,10
1425,31,2024-04-02,25301,419,333.98,9
1426,31,2024-04-03,44908,576,474.49,10
1427,31,2024-04-04,45627,355,326.6,8
1428,31,2024-04-05,28313,383,305.78,8
1429,31,2024-04-06,76868,608,462.63,9
1430,31,2024-04-07,77198,541,474.93,5
1431,31,2024-04-08,62399,410,403.92,9
1432,31,2024-04-09,98464,524,410.63,11
1433,31,2024-04-10,58022,420,364.24,8
1434,31,2024-04-11,52299,335,304.6,8
1435,31,2024-04-12,72028,731,453.35,17
1436,31,2024-04-13,53202,472,339.75,11
1437,31,2024-04-14,34962,379,350.55,6
1438,31,2024-04-15,36870,508,386.78,10
1439,31,2024-04-16,155502,588,467.61,8
1440,31,2024-04-17,38158,432,327.05,8
1441,31,2024-04-18,31791,384,339.16,3
1442,31,2024-04-19,69935,643,476.82,11
1443,31,2024-04-20,59701,455,344.81,10
1444,31,2024-04-21,32859,393,367.92,5
1445,31,2024-04-22,52861,505,407.1,13
1446,31,2024-04-23,46411,423,411.45,8
1447,31,2024-04-24,69457,708,370.84,14
1448,31,2024-04-25,27692,329,348.31,7
1449,32,2024-03-08,18292,169,141.09,3
1450,32,2024-03-09,12106,127,112.24,3
1451,32,2024-03-10,29951,138,126.4,3
1452,32,2024-03-11,42369,163,159.46,4
1453,32,2024-03-12,18630,259,159.31,7
1454,32,2024-03-13,16269,200,127.96,2
1455,32,2024-03-14,23692,101,101.33,2
1456,32,2024-03-15,17310,199,151.14,2
1457,32,2024-03-16,15336,182,158.08,3
1458,32,2024-03-17,22289,230,127.95,4
1459,32,2024-03-18,10606,144,157.68,2
1460,32,2024-03-19,11906,149,137.74,3
1461,32,2024-03-20,30924,131,120.16,2
1462,32,2024-03-21,25264,213,149.71,3
1463,32,2024-03-22,13465,170,130.13,3
1464,32,2024-03-23,13447,201,145.93,4
1465,32,2024-03-24,12011,179,159.69,3
1466,32,2024-03-25,25149,197,161.3,3
1467,32,2024-03-26,25014,153,140.68,2
1468,32,2024-03-27,13428,133,151.68,1
1469,32,2024-03-28,10272,133,132.3,3
1470,32,2024-03-29,15836,166,107.17,4
1471,32,2024-03-30,13496,147,144.76,3
1472,32,2024-03-31,19711,155,128.8,3
1473,32,2024-04-01,16498,169,149.5,5
1474,32,2024-04-02,14637,173,147.94,2
1475,32,2024-04-03,14215,156,99.62,2
1476,32,2024-04-04,21343,192,125.47,4
1477,32,2024-04-05,20900,150,130.09,3
1478,32,2024-04-06,8895,129,145.33,2
1479,32,2024-04-07,10583,109,125.49,1
1480,32,2024-04-08,12244,107,102.96,2
1481,32,2024-04-09,10117,121,120.55,1
1482,32,2024-04-10,10619,110,101.74,2
1483,32,2024-04-11,13602,181,144.16,3
1484,32,2024-04-12,19647,255,156.35,7
1485,32,2024-04-13,23805,187,156.31,3
1486,32,2024-04-14,12672,133,128.68,2
1487,32,2024-04-15,12672,146,118.46,4
1488,32,2024-04-16,8855,143,107.92,2
1489,32,2024-04-17,10254,147,153.67,3
1490,32,2024-04-18,13270,152,114.58,3
1491,32,2024-04-19,28424,188,146.33,5
1492,32,2024-04-20,8533,114,104.14,2
1493,32,2024-04-21,25080,246,131.04,7
1494,32,2024-04-22,8928,137,124.07,3
1495,32,2024-04-23,24917,252,143.56,5
1496,32,2024-04-24,17706,268,154.97,4
1497,32,2024-04-25,10945,120,103.68,2
1498,32,2024-04-26,14784,141,129.95,1
1499,32,2024-04-27,15785,208,148.04,4
1500,32,2024-04-28,7029,130,122.06,2
1501,32,2024-04-29,132000,132,133.74,3
1502,32,2024-04-30,14570,176,132.56,3
1503,32,2024-05-01,15727,197,157.93,4
1504,32,2024-05-02,17190,160,104.7,2
1505,32,2024-05-03,10149,155,122.27,2
1506,32,2024-05-04,15339,184,130.45,2
1507,32,2024-05-05,13572,155,134.12,2
1508,32,2024-05-06,14319,153,117.02,3
1509,32,2024-05-07,12343,133,97.99,1
1510,32,2024-05-08,10128,141,128.13,3
1511,32,2024-05-09,13520,138,140.37,1
1512,32,2024-05-10,8548,116,100.45,2
1513,32,2024-05-11,10284,123,107.97,2
1514,32,2024-05-12,13972,177,156.08,2
1515,32,2024-05-13,17593,174,100.67,4
1516,32,2024-05-14,15119,146,97.42,2
1517,32,2024-05-15,27211,209,128.87,4
1518,32,2024-05-16,8032,113,98.91,2
1519,32,2024-05-17,13702,137,116.96,3
1520,32,2024-05-18,7490,90,100.87,1
1521,32,2024-05-19,7263,86,110.88,1
1522,32,2024-05-20,18987,187,152.09,4
1523,32,2024-05-21,15017,164,104.28,1
1524,32,2024-05-22,16902,176,138.9,2
1525,32,2024-05-23,13264,119,115.23,1
1526,32,2024-05-24,12365,140,120.93,2
1527,32,2024-05-25,11025,215,126.14,4
1528,32,2024-05-26,9852,129,109.97,2
1529,32,2024-05-27,14885,180,109.67,1
1530,32,2024-05-28,10507,130,112.59,4
1531,32,2024-05-29,17665,149,158.68,5
1532,32,2024-05-30,40500,248,114.78,2
1533,32,2024-05-31,14598,180,143.27,3
1534,32,2024-06-01,14444,181,132.74,3
1535,32,2024-06-02,14060,184,161.34,5
1536,32,2024-06-03,75354,308,152.55,5
1537,33,2024-07-27,412489,1373,366.3,7
1538,33,2024-07-28,287359,925,392.03,3
1539,33,2024-07-29,521765,1137,425.54,9
1540,33,2024-07-30,1020466,1786,417.21,7
1541,33,2024-07-31,350989,1263,652.93,4
1542,33,2024-08-01,777743,1869,649.98,3
1543,33,2024-08-02,749314,2466,564.39,13
1544,33,2024-08-03,238356,759,321.58,3
1545,33,2024-08-04,910862,1637,380.84,10
1546,33,2024-08-05,685754,2303,648.61,6
1547,33,2024-08-06,793210,2101,505.15,10
1548,33,2024-08-07,543648,1130,536.45,4
1549,33,2024-08-08,383999,1393,416.34,4
1550,33,2024-08-09,1014000,1014,502.94,4
1551,33,2024-08-10,369778,644,294.14,1
1552,33,2024-08-11,331238,806,360.2,3
1553,33,2024-08-12,347776,1119,399.84,3
1554,33,2024-08-13,610710,1444,427.24,7
1555,33,2024-08-14,388381,1642,429.02,9
1556,33,2024-08-15,412811,901,461.0,5
1557,33,2024-08-16,880209,2247,534.61,15
1558,33,2024-08-17,769775,1171,459.22,9
1559,33,2024-08-18,674352,884,317.04,5
1560,33,2024-08-19,870748,1394,490.48,2
1561,33,2024-08-20,288266,1318,613.42,9
1562,33,2024-08-21,405920,1233,403.86,8
1563,33,2024-08-22,312688,927,498.34,0
1564,33,2024-08-23,481609,1360,430.08,0
1565,33,2024-08-24,238439,1138,349.83,5
1566,33,2024-08-25,376119,1040,424.04,3
1567,33,2024-08-26,328403,1054,482.22,4
1568,33,2024-08-27,327353,1392,569.35,7
1569,33,2024-08-28,574453,1113,426.63,5
1570,33,2024-08-29,311786,1145,479.62,6
1571,33,2024-08-30,747118,1571,613.5,6
1572,33,2024-08-31,235262,730,319.61,0
1573,33,2024-09-01,289206,1250,378.63,9
1574,33,2024-09-02,623540,1047,537.55,6
1575,33,2024-09-03,462206,1200,416.01,8
1576,34,2024-07-29,8949,272,313.97,14
1577,34,2024-07-30,9542,300,271.66,13
1578,34,2024-07-31,11683,347,355.03,17
1579,34,2024-08-01,7952,276,332.27,15
1580,34,2024-08-02,10060,293,280.24,17
1581,34,2024-08-03,2362,93,168.59,4
1582,34,2024-08-04,4579,165,216.03,6
1583,34,2024-08-05,7941,252,285.3,8
1584,34,2024-08-06,6170,271,320.39,13
1585,34,2024-08-07,6153,254,344.68,11
1586,34,2024-08-08,7555,329,310.24,12
1587,34,2024-08-09,5970,230,288.38,11
1588,34,2024-08-10,4696,184,167.4,8
1589,34,2024-08-11,5139,192,181.73,5
1590,34,2024-08-12,6243,177,244.07,6
1591,34,2024-08-13,12973,396,342.58,10
1592,34,2024-08-14,9123,307,320.12,14
1593,34,2024-08-15,10407,368,336.75,16
1594,34,2024-08-16,6009,199,306.74,10
1595,34,2024-08-17,4800,211,239.73,6
1596,34,2024-08-18,5733,184,247.96,8
1597,34,2024-08-19,7158,250,260.53,10
1598,34,2024-08-20,10084,244,261.39,9
1599,34,2024-08-21,4390,201,237.44,7
1600,34,2024-08-22,8093,315,298.35,15
1601,34,2024-08-23,6217,288,316.11,11
1602,34,2024-08-24,5292,180,211.81,9
1603,34,2024-08-25,5397,140,185.45,6
1604,34,2024-08-26,5908,213,262.77,11
1605,34,2024-08-27,4456,226,339.86,12
1606,34,2024-08-28,8222,282,351.53,13
1607,34,2024-08-29,9210,311,301.65,15
1608,34,2024-08-30,4999,196,258.4,7
1609,34,2024-08-31,3897,145,156.98,7
1610,34,2024-09-01,4158,184,217.46,6
1611,34,2024-09-02,4846,202,263.0,7
1612,34,2024-09-03,4481,194,218.37,8
1613,34,2024-09-04,10846,326,290.59,12
1614,34,2024-09-05,8683,309,350.03,13
1615,34,2024-09-06,6709,238,292.97,11
1616,34,2024-09-07,6669,181,203.91,7
1617,34,2024-09-08,3279,116,149.84,5
1618,34,2024-09-09,8897,242,225.17,11
1619,34,2024-09-10,12956,295,318.91,9
1620,34,2024-09-11,6485,261,319.72,8
1621,34,2024-09-12,6526,237,236.52,7
1622,34,2024-09-13,8093,302,320.68,12
1623,34,2024-09-14,7216,192,238.8,7
1624,34,2024-09-15,5386,221,220.98,12
1625,34,2024-09-16,7942,258,254.24,11
1626,34,2024-09-17,7126,208,315.03,7
1627,34,2024-09-18,6621,226,261.61,4
1628,34,2024-09-19,4631,157,218.34,7
1629,34,2024-09-20,3914,185,262.71,7
1630,34,2024-09-21,8446,248,214.88,8
1631,34,2024-09-22,4760,152,153.54,6
1632,34,2024-09-23,9773,323,335.83,11
1633,34,2024-09-24,8715,302,246.74,8
1634,34,2024-09-25,4646,202,268.31,7
1635,34,2024-09-26,9569,215,278.36,6
1636,34,2024-09-27,9559,316,338.97,10
1637,34,2024-09-28,5050,218,210.23,9
1638,34,2024-09-29,4221,142,193.64,5
1639,34,2024-09-30,6607,240,331.0,8
1640,34,2024-10-01,4642,188,215.89,6
1641,34,2024-10-02,12627,286,326.66,8
1642,34,2024-10-03,9190,296,246.94,11
1643,34,2024-10-04,6453,259,221.83,8
1644,34,2024-10-05,3581,171,150.6,9
1645,34,2024-10-06,5462,146,215.03,8
1646,34,2024-10-07,14033,437,340.57,14
1647,34,2024-10-08,8618,277,259.1,15
1648,34,2024-10-09,5825,240,276.92,10
1649,34,2024-10-10,11548,388,314.65,17
1650,35,2024-06-22,9390,366,492.61,13
1651,35,2024-06-23,9998,417,441.95,21
1652,35,2024-06-24,22574,682,782.14,29
1653,35,2024-06-25,17187,469,614.27,26
1654,35,2024-06-26,31774,965,904.46,45
1655,35,2024-06-27,17861,758,949.33,25
1656,35,2024-06-28,13546,675,663.15,30
1657,35,2024-06-29,23903,755,532.17,37
1658,35,2024-06-30,14117,395,476.23,15
1659,35,2024-07-01,20720,722,868.84,31
1660,35,2024-07-02,18089,623,636.67,31
1661,35,2024-07-03,22762,810,886.99,29
1662,35,2024-07-04,23749,750,804.85,32
1663,35,2024-07-05,20439,639,725.71,22
1664,35,2024-07-06,20826,557,688.58,24
1665,35,2024-07-07,13399,528,693.13,18
1666,35,2024-07-08,19705,547,699.59,26
1667,35,2024-07-09,16241,617,792.67,33
1668,35,2024-07-10,32210,865,956.2,41
1669,35,2024-07-11,22598,721,725.35,25
1670,35,2024-07-12,19822,788,799.48,40
1671,35,2024-07-13,10034,388,456.72,20
1672,35,2024-07-14,14796,497,502.98,21
1673,35,2024-07-15,20865,611,956.53,29
1674,35,2024-07-16,20772,996,929.06,38
1675,35,2024-07-17,17463,696,799.89,32
1676,35,2024-07-18,20257,629,781.16,19
1677,35,2024-07-19,32651,807,951.13,31
1678,36,2024-03-12,34228,331,327.36,6
1679,36,2024-03-13,47234,450,350.62,8
1680,36,2024-03-14,47796,393,377.92,8
1681,36,2024-03-15,27113,349,337.34,4
1682,36,2024-03-16,20579,398,265.06,6
1683,36,2024-03-17,39912,398,325.77,7
1684,36,2024-03-18,119111,602,316.43,8
1685,36,2024-03-19,28436,356,341.2,8
1686,36,2024-03-20,51164,525,318.65,4
1687,36,2024-03-21,37631,362,277.17,8
1688,36,2024-03-22,43776,459,330.19,12
1689,36,2024-03-23,31397,386,318.75,7
1690,36,2024-03-24,54365,514,318.58,10
1691,36,2024-03-25,45306,558,351.66,16
1692,36,2024-03-26,82134,425,346.95,8
1693,36,2024-03-27,34604,560,378.03,14
1694,36,2024-03-28,34359,390,266.23,5
1695,36,2024-03-29,33390,397,273.54,5
1696,36,2024-03-30,24134,239,229.26,5
1697,36,2024-03-31,35381,398,348.17,11
1698,36,2024-04-01,29143,359,238.93,7
1699,36,2024-04-02,43501,431,311.59,11
1700,36,2024-04-03,22365,279,286.37,5
1701,36,2024-04-04,53691,325,278.27,7
1702,36,2024-04-05,27625,416,288.05,7
1703,36,2024-04-06,59996,477,376.35,4
1704,36,2024-04-07,32527,371,284.72,7
1705,36,2024-04-08,34627,329,295.88,6
1706,36,2024-04-09,38832,266,274.83,6
1707,36,2024-04-10,38095,351,265.29,7
1708,36,2024-04-11,30054,306,284.97,7
1709,36,2024-04-12,51893,377,280.42,10
1710,36,2024-04-13,47724,425,273.48,9
1711,36,2024-04-14,26554,281,258.46,8
1712,36,2024-04-15,48752,412,268.2,7
1713,36,2024-04-16,35908,502,255.82,17
1714,36,2024-04-17,22676,320,277.11,5
1715,36,2024-04-18,35142,466,362.37,4
1716,36,2024-04-19,20290,266,248.45,8
1717,36,2024-04-20,24428,252,260.24,4
1718,36,2024-04-21,26524,368,312.97,8
1719,36,2024-04-22,42161,365,325.36,4
1720,36,2024-04-23,39461,486,331.52,6
1721,36,2024-04-24,35758,585,368.78,11
1722,36,2024-04-25,28097,416,379.14,9
1723,36,2024-04-26,29959,267,242.3,7
1724,36,2024-04-27,65976,575,335.59,11
1725,36,2024-04-28,14177,264,239.87,5
1726,36,2024-04-29,27421,273,293.78,5
1727,36,2024-04-30,50701,293,280.5,5
1728,36,2024-05-01,21069,233,231.97,3
1729,36,2024-05-02,43164,501,377.37,11
1730,36,2024-05-03,31751,496,357.81,13
1731,36,2024-05-04,20625,261,233.55,6
1732,36,2024-05-05,41480,392,262.06,6
1733,36,2024-05-06,60536,883,293.17,11
1734,36,2024-05-07,21357,260,274.87,6
1735,36,2024-05-08,50205,550,360.3,8
1736,36,2024-05-09,30255,323,296.65,8
1737,36,2024-05-10,27491,342,342.97,9
1738,36,2024-05-11,35575,389,299.89,9
1739,36,2024-05-12,26297,330,299.92,4
1740,36,2024-05-13,20196,352,300.7,6
1741,36,2024-05-14,49816,581,356.07,8
1742,36,2024-05-15,45282,459,310.35,10
1743,36,2024-05-16,111012,271,264.89,5
1744,36,2024-05-17,39713,332,349.93,7
1745,36,2024-05-18,67507,491,253.11,11
1746,36,2024-05-19,28881,274,288.54,4
1747,37,2024-02-08,68282,203,182.62,4
1748,37,2024-02-09,28463,308,206.99,3
1749,37,2024-02-10,38139,225,217.81,4
1750,37,2024-02-11,15254,199,139.87,5
1751,37,2024-02-12,17572,185,183.87,3
1752,37,2024-02-13,16469,235,213.94,7
1753,37,2024-02-14,33754,207,171.97,3
1754,37,2024-02-15,48249,436,218.27,4
1755,37,2024-02-16,11200,137,143.73,3
1756,37,2024-02-17,24134,237,154.3,4
1757,37,2024-02-18,18231,182,142.26,3
1758,37,2024-02-19,25181,247,207.86,5
1759,37,2024-02-20,35009,323,188.36,7
1760,37,2024-02-21,20460,259,168.6,4
1761,37,2024-02-22,13820,197,181.7,4
1762,37,2024-02-23,33091,238,170.83,6
1763,37,2024-02-24,23453,252,216.17,4
1764,37,2024-02-25,16700,227,202.68,1
1765,37,2024-02-26,35955,209,157.93,4
1766,37,2024-02-27,20473,240,194.0,4
1767,37,2024-02-28,20938,225,189.49,4
1768,37,2024-02-29,20736,230,199.36,3
1769,37,2024-03-01,17837,170,152.36,3
1770,37,2024-03-02,29687,328,214.56,7
1771,37,2024-03-03,36334,206,146.95,3
1772,37,2024-03-04,25927,322,217.52,5
1773,37,2024-03-05,12221,141,132.02,2
1774,37,2024-03-06,18440,258,189.32,6
1775,37,2024-03-07,14777,198,160.08,3
1776,37,2024-03-08,16484,169,169.32,2
1777,37,2024-03-09,22404,220,179.27,5
1778,37,2024-03-10,12481,191,187.87,4
1779,37,2024-03-11,26343,258,179.61,5
1780,37,2024-03-12,13244,215,209.24,5
1781,37,2024-03-13,19207,307,202.75,8
1782,37,2024-03-14,23084,198,164.86,3
1783,37,2024-03-15,27769,247,212.45,3
1784,37,2024-03-16,28666,328,191.77,5
1785,37,2024-03-17,21581,262,199.91,5
1786,37,2024-03-18,11360,225,209.57,3
1787,37,2024-03-19,19259,265,212.84,4
1788,37,2024-03-20,34892,279,166.1,4
1789,37,2024-03-21,25646,244,207.74,4
1790,37,2024-03-22,15055,206,137.4,3
1791,37,2024-03-23,40884,265,209.85,6
1792,37,2024-03-24,14308,246,199.1,5
1793,37,2024-03-25,22890,251,206.54,5
1794,37,2024-03-26,44079,204,179.74,4
1795,37,2024-03-27,15942,262,177.78,6
1796,37,2024-03-28,37725,164,145.59,2
1797,37,2024-03-29,29163,207,192.47,4
1798,37,2024-03-30,14925,218,212.14,4
1799,37,2024-03-31,17195,226,133.78,4
1800,37,2024-04-01,26871,207,192.41,5
1801,37,2024-04-02,26272,234,135.04,5
1802,37,2024-04-03,12165,190,172.19,5
1803,37,2024-04-04,38048,356,204.76,7
1804,37,2024-04-05,36036,303,171.5,6
1805,37,2024-04-06,28994,268,195.21,3
1806,37,2024-04-07,28629,243,183.35,2
1807,37,2024-04-08,24417,239,179.24,4
1808,37,2024-04-09,15737,173,168.24,3
1809,37,2024-04-10,13273,166,180.74,3
1810,37,2024-04-11,43756,285,203.31,5
1811,37,2024-04-12,20347,198,137.27,4
1812,37,2024-04-13,10857,132,144.64,1
1813,37,2024-04-14,21425,287,161.63,5
1814,37,2024-04-15,11135,185,148.53,3
1815,37,2024-04-16,18655,188,155.19,4
1816,37,2024-04-17,11834,220,183.85,3
1817,37,2024-04-18,20709,287,213.62,4
1818,38,2024-10-03,1221239,3691,1108.38,30
1819,38,2024-10-04,546495,1979,866.94,13
1820,38,2024-10-05,559659,2761,745.74,15
1821,38,2024-10-06,1477746,4366,922.54,14
1822,38,2024-10-07,717498,2446,1044.3,15
1823,38,2024-10-08,1811724,3271,1052.75,10
1824,38,2024-10-09,1411172,3809,1240.5,6
1825,38,2024-10-10,886847,2847,1042.82,23
1826,38,2024-10-11,908004,2149,1061.02,10
1827,38,2024-10-12,942269,2842,780.56,15
1828,38,2024-10-13,945714,2168,656.67,8
1829,38,2024-10-14,1138518,4032,1359.11,11
1830,38,2024-10-15,875391,3455,1101.45,17
1831,38,2024-10-16,615417,2213,920.36,9
1832,38,2024-10-17,1479639,3167,923.54,10
1833,38,2024-10-18,944927,2724,1137.04,17
1834,39,2024-09-03,12397,501,504.34,16
1835,39,2024-09-04,38736,539,566.73,21
1836,39,2024-09-05,13581,497,594.63,18
1837,39,2024-09-06,17402,563,531.31,19
1838,39,2024-09-07,11192,328,379.47,16
1839,39,2024-09-08,8507,348,380.27,14
1840,39,2024-09-09,15273,480,521.62,24
1841,39,2024-09-10,10460,459,590.91,23
1842,39,2024-09-11,20444,650,505.25,31
1843,39,2024-09-12,25565,623,589.73,22
1844,39,2024-09-13,16836,582,524.02,33
1845,39,2024-09-14,13365,407,469.11,20
1846,39,2024-09-15,6167,251,297.4,11
1847,39,2024-09-16,11485,399,477.73,14
1848,39,2024-09-17,8172,275,423.69,13
1849,39,2024-09-18,8222,376,419.33,15
1850,39,2024-09-19,8774,399,429.07,20
1851,39,2024-09-20,12760,454,550.08,16
1852,39,2024-09-21,10150,265,396.54,14
1853,39,2024-09-22,13004,377,464.03,12
1854,39,2024-09-23,21535,551,470.15,32
1855,39,2024-09-24,10186,311,420.75,16
1856,39,2024-09-25,14893,450,602.84,18
1857,39,2024-09-26,13066,444,486.11,17
1858,39,2024-09-27,15148,580,570.06,23
1859,39,2024-09-28,8115,345,437.81,18
1860,39,2024-09-29,8056,288,408.67,12
1861,39,2024-09-30,13740,494,612.21,30
1862,39,2024-10-01,22811,1056,638.79,31
1863,39,2024-10-02,15088,474,555.93,19
1864,39,2024-10-03,17480,473,574.38,21
1865,39,2024-10-04,10980,390,445.24,14
1866,39,2024-10-05,9075,396,416.13,20
1867,39,2024-10-06,7043,276,304.86,11
1868,39,2024-10-07,17539,677,518.36,26
1869,39,2024-10-08,20327,759,625.72,21
1870,39,2024-10-09,9621,383,499.88,17
1871,39,2024-10-10,14326,545,578.45,11
1872,39,2024-10-11,6605,302,414.57,14
1873,39,2024-10-12,7376,322,401.6,9
1874,39,2024-10-13,5408,236,303.26,6
1875,39,2024-10-14,8988,378,501.54,19
1876,40,2024-07-18,174836,1329,647.94,22
1877,40,2024-07-19,108683,974,455.76,6
1878,40,2024-07-20,148084,797,513.75,3
1879,40,2024-07-21,206777,1264,541.6,20
1880,40,2024-07-22,313738,966,583.81,14
1881,40,2024-07-23,82911,949,543.14,5
1882,40,2024-07-24,154677,860,562.98,9
1883,40,2024-07-25,145264,1127,483.62,12
1884,40,2024-07-26,605512,766,544.47,9
1885,40,2024-07-27,420108,1750,622.49,14
1886,40,2024-07-28,98986,941,703.6,9
1887,40,2024-07-29,102947,761,484.73,7
1888,40,2024-07-30,203000,1024,547.7,11
1889,40,2024-07-31,142334,880,572.11,13
1890,40,2024-08-01,179276,1049,617.31,10
1891,40,2024-08-02,274522,1266,625.88,15
1892,40,2024-08-03,887000,887,570.75,10
1893,40,2024-08-04,169197,1017,528.73,9
1894,40,2024-08-05,91150,796,608.27,6
1895,40,2024-08-06,129861,1021,688.79,9
1896,40,2024-08-07,159078,1326,594.0,11
1897,40,2024-08-08,256651,1011,551.64,7
1898,40,2024-08-09,59005,578,473.74,6
1899,40,2024-08-10,154325,1138,607.08,16
1900,40,2024-08-11,233695,1957,691.15,15
1901,40,2024-08-12,197302,1008,493.16,9
1902,40,2024-08-13,167267,1018,668.65,13
1903,40,2024-08-14,351444,1797,615.17,32
1904,40,2024-08-15,251190,1466,749.65,20
1905,40,2024-08-16,152449,1178,650.57,12
1906,40,2024-08-17,157660,990,633.58,11
1907,40,2024-08-18,94254,881,526.09,12
1908,40,2024-08-19,363370,1257,618.84,18
1909,40,2024-08-20,153187,1440,597.45,23
1910,40,2024-08-21,258821,976,576.27,5
1911,40,2024-08-22,69072,699,575.72,5
1912,40,2024-08-23,176544,1039,601.91,11
1913,40,2024-08-24,115722,944,733.56,12
1914,40,2024-08-25,244113,1158,644.69,17
1915,40,2024-08-26,182315,1199,741.81,11
1916,40,2024-08-27,149801,1105,538.45,10
1917,40,2024-08-28,156384,828,461.94,7
1918,40,2024-08-29,241990,1395,692.94,15
1919,40,2024-08-30,223808,1243,581.78,18
1920,40,2024-08-31,127716,950,669.71,15
1921,40,2024-09-01,247180,885,737.48,11
1922,40,2024-09-02,82871,826,475.27,9
1923,40,2024-09-03,160290,1016,691.12,10
1924,41,2024-10-11,120160,931,532.55,10
1925,41,2024-10-12,91869,997,683.08,12
1926,41,2024-10-13,165558,1293,706.61,13
1927,41,2024-10-14,103941,980,548.42,15
1928,41,2024-10-15,101169,1005,543.54,10
1929,41,2024-10-16,92203,751,534.09,8
1930,41,2024-10-17,871000,871,702.98,7
1931,41,2024-10-18,150110,881,494.69,6
1932,41,2024-10-19,172905,790,525.19,11
1933,41,2024-10-20,164974,793,507.16,8
1934,41,2024-10-21,160879,1294,584.22,19
1935,41,2024-10-22,201112,1169,672.65,10
1936,41,2024-10-23,153539,990,520.83,5
1937,41,2024-10-24,188808,833,629.86,6
1938,41,2024-10-25,176600,1284,594.19,13
1939,41,2024-10-26,108826,973,646.68,9
1940,41,2024-10-27,58051,690,501.13,9
1941,41,2024-10-28,146612,906,593.36,9
1942,41,2024-10-29,183396,1107,580.76,16
1943,41,2024-10-30,257014,1233,654.41,10
1944,41,2024-10-31,192622,839,538.93,5
1945,41,2024-11-01,501607,940,642.85,14
1946,41,2024-11-02,229119,1515,647.81,15
1947,41,2024-11-03,266106,1444,616.04,13
1948,41,2024-11-04,186230,1504,672.35,19
1949,41,2024-11-05,129266,1163,565.09,14
1950,41,2024-11-06,319002,1663,720.77,8
1951,41,2024-11-07,138763,873,632.85,10
1952,41,2024-11-08,185314,996,685.92,8
1953,41,2024-11-09,155354,1074,691.78,12
1954,41,2024-11-10,133674,1145,636.57,12
1955,41,2024-11-11,260538,1104,558.7,22
1956,41,2024-11-12,153784,1040,671.16,15
1957,41,2024-11-13,252133,979,663.94,13
1958,41,2024-11-14,421336,948,523.39,13
1959,41,2024-11-15,418324,1083,592.35,13
1960,41,2024-11-16,163404,1236,727.35,10
1961,41,2024-11-17,1157000,1157,546.7,14
1962,41,2024-11-18,266321,1424,524.25,10
1963,41,2024-11-19,193683,1225,504.27,8
1964,41,2024-11-20,212239,1082,631.97,12
1965,41,2024-11-21,207439,956,572.83,11
1966,41,2024-11-22,253787,1569,587.29,20
1967,41,2024-11-23,162551,935,606.36,8
1968,41,2024-11-24,116114,984,682.4,10
1969,41,2024-11-25,249474,1038,676.2,8
1970,41,2024-11-26,275796,1153,522.92,15
1971,41,2024-11-27,128197,907,436.92,9
1972,41,2024-11-28,213630,1023,547.24,11
1973,41,2024-11-29,185337,1550,719.19,14
1974,41,2024-11-30,328357,1758,618.95,17
1975,41,2024-12-01,432155,1381,686.83,16
1976,41,2024-12-02,135472,787,536.12,12
1977,41,2024-12-03,148192,1154,673.37,10
1978,41,2024-12-04,358442,1989,637.48,23
1979,41,2024-12-05,180950,1311,703.94,17
1980,41,2024-12-06,258873,1683,670.79,22
1981,41,2024-12-07,520460,752,438.29,7
1982,41,2024-12-08,183784,913,488.81,15
1983,41,2024-12-09,154039,897,580.84,10
1984,41,2024-12-10,216336,1624,650.91,18
1985,41,2024-12-11,196534,1149,546.68,7
1986,41,2024-12-12,75450,716,483.32,13
1987,41,2024-12-13,74114,664,458.74,7
1988,41,2024-12-14,1249589,1552,646.34,20
1989,41,2024-12-15,128583,811,530.48,7
1990,41,2024-12-16,117158,941,570.76,9
1991,41,2024-12-17,160887,678,558.44,4
1992,41,2024-12-18,167409,860,537.36,3
1993,41,2024-12-19,186495,926,533.92,14
1994,41,2024-12-20,152231,917,677.31,7
1995,41,2024-12-21,133732,885,639.58,10
1996,41,2024-12-22,383199,1130,592.11,8
1997,41,2024-12-23,133528,1066,617.38,10
1998,41,2024-12-24,219789,645,466.46,4
1999,41,2024-12-25,311007,1309,645.64,9
2000,41,2024-12-26,150287,794,475.64,5
2001,42,2024-01-30,9410,145,120.21,3
2002,42,2024-01-31,18986,167,122.88,2
2003,42,2024-02-01,22987,202,129.42,3
2004,42,2024-02-02,12424,181,147.21,4
2005,42,2024-02-03,22835,249,149.89,6
2006,42,2024-02-04,9434,115,113.13,2
2007,42,2024-02-05,26181,183,143.96,3
2008,42,2024-02-06,32160,202,145.21,3
2009,42,2024-02-07,20788,206,135.74,3
2010,42,2024-02-08,19381,161,140.24,2
2011,42,2024-02-09,19441,194,157.83,4
2012,42,2024-02-10,19936,171,129.63,3
2013,42,2024-02-11,9455,123,121.55,4
2014,42,2024-02-12,13499,116,110.17,2
2015,42,2024-02-13,21147,135,113.32,3
2016,42,2024-02-14,9157,131,109.84,3
2017,42,2024-02-15,23151,193,133.46,4
2018,42,2024-02-16,13227,219,147.87,4
2019,42,2024-02-17,20690,158,122.3,3
2020,42,2024-02-18,25235,121,101.63,2
2021,42,2024-02-19,10206,152,130.1,1
2022,42,2024-02-20,10690,153,116.48,2
2023,42,2024-02-21,41837,312,159.83,6
2024,42,2024-02-22,10015,133,132.93,2
2025,42,2024-02-23,11252,145,131.63,3
2026,42,2024-02-24,27556,218,149.0,4
2027,42,2024-02-25,21110,189,97.34,2
2028,42,2024-02-26,20979,178,152.86,3
2029,42,2024-02-27,19577,215,128.31,3
2030,42,2024-02-28,18735,194,143.71,5
2031,42,2024-02-29,16157,198,143.43,3
2032,42,2024-03-01,11611,142,105.31,2
2033,42,2024-03-02,10203,137,127.6,3
2034,42,2024-03-03,7236,102,98.36,1
2035,42,2024-03-04,10979,150,97.78,3
2036,42,2024-03-05,14573,127,117.05,2
2037,42,2024-03-06,13805,181,129.03,2
2038,42,2024-03-07,19252,231,161.41,3
2039,42,2024-03-08,23656,173,157.11,4
2040,42,2024-03-09,16334,165,119.12,2
2041,42,2024-03-10,26799,129,148.6,1
2042,42,2024-03-11,9902,120,122.62,2
2043,42,2024-03-12,14673,168,132.31,3
2044,42,2024-03-13,14445,164,98.47,2
2045,42,2024-03-14,20142,117,98.14,2
2046,42,2024-03-15,12568,165,138.98,3
2047,42,2024-03-16,18906,192,148.02,4
2048,42,2024-03-17,10159,134,148.33,3
2049,42,2024-03-18,21312,240,161.07,4
2050,42,2024-03-19,14244,159,147.53,3
2051,42,2024-03-20,29972,273,135.78,7
2052,42,2024-03-21,30168,239,145.84,5
2053,42,2024-03-22,10470,161,129.17,4
2054,42,2024-03-23,11993,164,140.01,3
2055,42,2024-03-24,13792,114,107.7,2
2056,42,2024-03-25,13172,186,161.41,2
2057,42,2024-03-26,10483,106,104.65,2
2058,42,2024-03-27,20120,233,129.81,4
2059,42,2024-03-28,8750,102,100.78,1
2060,42,2024-03-29,19818,163,133.48,3
2061,42,2024-03-30,14668,163,152.17,3
2062,42,2024-03-31,14472,101,97.5,1
2063,42,2024-04-01,24841,211,156.17,2
2064,42,2024-04-02,15327,132,110.77,2
2065,42,2024-04-03,11367,97,100.94,1
2066,42,2024-04-04,10054,128,133.82,2
2067,42,2024-04-05,9031,108,100.73,1
2068,42,2024-04-06,13362,129,116.34,2
2069,42,2024-04-07,11165,154,149.76,3
2070,42,2024-04-08,17646,191,141.21,3
2071,42,2024-04-09,9961,113,106.81,2
2072,42,2024-04-10,9747,126,97.19,2
2073,42,2024-04-11,8759,154,103.45,1
2074,42,2024-04-12,13055,206,153.53,5
2075,42,2024-04-13,19567,164,131.63,3
2076,42,2024-04-14,13925,126,97.37,2
2077,42,2024-04-15,11228,136,127.8,1
2078,42,2024-04-16,15849,117,113.59,1
2079,42,2024-04-17,57580,143,130.3,2
2080,42,2024-04-18,11118,107,113.45,1
2081,42,2024-04-19,10673,155,145.23,3
2082,42,2024-04-20,11329,222,134.14,3
2083,42,2024-04-21,9476,119,129.03,2
2084,42,2024-04-22,20029,141,105.97,2
2085,42,2024-04-23,14158,211,128.61,2
2086,42,2024-04-24,14174,163,156.11,4
2087,42,2024-04-25,9957,149,118.21,2
2088,42,2024-04-26,41406,289,150.21,5
2089,42,2024-04-27,19147,181,121.38,3
2090,43,2024-10-26,36945,114,64.27,0
2091,43,2024-10-27,45760,151,61.48,0
2092,43,2024-10-28,69493,185,71.12,0
2093,43,2024-10-29,61963,171,58.48,0
2094,43,2024-10-30,78757,182,59.32,1
2095,43,2024-10-31,62904,237,93.62,1
2096,43,2024-11-01,61897,166,71.6,1
2097,43,2024-11-02,66048,165,56.04,1
2098,43,2024-11-03,51321,145,57.58,1
2099,43,2024-11-04,219000,219,93.29,0
2100,43,2024-11-05,311311,320,88.3,1
2101,43,2024-11-06,71779,180,68.23,0
2102,43,2024-11-07,60180,248,83.59,1
2103,43,2024-11-08,45499,189,77.76,0
2104,43,2024-11-09,38143,166,52.76,1
2105,43,2024-11-10,59398,178,58.57,1
2106,43,2024-11-11,77032,171,74.39,1
2107,43,2024-11-12,101718,197,66.8,1
2108,43,2024-11-13,40022,184,73.07,1
2109,43,2024-11-14,57474,175,67.58,1
2110,43,2024-11-15,74865,231,66.85,0
2111,43,2024-11-16,66163,150,49.43,0
2112,43,2024-11-17,37984,123,45.41,0
2113,43,2024-11-18,56183,152,61.87,0
2114,43,2024-11-19,55592,234,90.08,1
2115,43,2024-11-20,115367,194,81.53,0
2116,43,2024-11-21,48091,160,58.78,0
2117,43,2024-11-22,79207,242,80.23,1
2118,43,2024-11-23,32960,141,51.55,0
2119,43,2024-11-24,43761,134,62.05,0
2120,43,2024-11-25,66517,192,67.54,0
2121,43,2024-11-26,136400,349,89.09,1
2122,43,2024-11-27,49990,256,90.58,1
2123,43,2024-11-28,63501,178,76.62,0
2124,43,2024-11-29,247000,247,71.59,1
2125,43,2024-11-30,78663,146,54.85,0
2126,43,2024-12-01,50675,131,42.51,1
2127,43,2024-12-02,44707,186,82.53,0
2128,43,2024-12-03,77497,226,72.81,2
2129,43,2024-12-04,81120,249,91.17,1
2130,43,2024-12-05,60204,238,69.9,1
2131,43,2024-12-06,121891,173,66.03,0
2132,43,2024-12-07,64045,165,49.48,0
2133,43,2024-12-08,52267,160,62.17,0
2134,43,2024-12-09,75355,234,80.35,1
2135,43,2024-12-10,188082,203,82.37,1
2136,43,2024-12-11,88652,269,86.35,1
2137,43,2024-12-12,74302,265,85.64,1
2138,43,2024-12-13,104548,305,71.04,2
2139,43,2024-12-14,37373,128,62.47,0
2140,43,2024-12-15,94079,145,48.21,0
2141,43,2024-12-16,130381,275,76.67,1
2142,43,2024-12-17,53585,163,58.67,1
2143,43,2024-12-18,97129,236,92.11,1
2144,43,2024-12-19,202000,202,94.79,0
2145,43,2024-12-20,170865,357,70.25,2
2146,43,2024-12-21,39504,117,43.16,0
2147,43,2024-12-22,42335,172,57.69,0
2148,43,2024-12-23,136892,289,72.76,1
2149,43,2024-12-24,118380,218,82.24,1
2150,43,2024-12-25,67503,180,96.18,1
2151,43,2024-12-26,53236,169,59.98,1
2152,43,2024-12-27,63073,172,67.36,1
2153,43,2024-12-28,63530,177,67.28,0
2154,43,2024-12-29,38250,80,46.82,0
2155,43,2024-12-30,158760,241,79.67,1
2156,43,2024-12-31,104198,378,92.07,3
2157,44,2024-02-11,336016,1180,353.83,4
2158,44,2024-02-12,358611,1408,609.83,5
2159,44,2024-02-13,574085,1839,517.42,11
2160,44,2024-02-14,413637,1568,615.42,7
2161,44,2024-02-15,427084,1100,642.9,4
2162,44,2024-02-16,830515,1866,738.37,8
2163,44,2024-02-17,605927,1667,509.08,11
2164,44,2024-02-18,532570,1347,531.7,9
2165,44,2024-02-19,650613,2784,668.52,13
2166,44,2024-02-20,469619,1408,625.02,7
2167,44,2024-02-21,364448,1114,533.92,7
2168,44,2024-02-22,461425,1663,702.39,6
2169,44,2024-02-23,805372,2207,761.38,20
2170,44,2024-02-24,209354,1090,455.46,5
2171,44,2024-02-25,564083,1674,445.94,5
2172,44,2024-02-26,451793,1632,539.41,3
2173,44,2024-02-27,660424,1668,671.27,6
2174,44,2024-02-28,531410,1325,568.99,7
2175,44,2024-02-29,710015,2308,610.22,21
2176,44,2024-03-01,583136,2067,581.31,12
2177,44,2024-03-02,357422,1161,406.08,6
2178,44,2024-03-03,504461,1389,439.11,8
2179,44,2024-03-04,1543582,4711,568.51,35
2180,44,2024-03-05,641530,2511,718.79,7
2181,44,2024-03-06,345290,1730,602.58,2
2182,44,2024-03-07,565232,1707,594.97,7
2183,44,2024-03-08,518807,1569,637.83,4
2184,44,2024-03-09,607716,1893,414.3,14
2185,44,2024-03-10,342061,1161,461.41,6
2186,44,2024-03-11,696596,1958,615.68,9
2187,44,2024-03-12,1050719,2366,632.16,16
2188,44,2024-03-13,847478,1291,555.03,9
2189,44,2024-03-14,704588,1406,555.57,7
2190,44,2024-03-15,1156989,2471,664.89,17
2191,44,2024-03-16,2058000,2058,511.33,17
2192,44,2024-03-17,330619,1042,394.92,3
2193,44,2024-03-18,494307,1096,581.18,10
2194,44,2024-03-19,464146,1802,650.28,12
2195,45,2024-10-18,10703,388,507.21,10
2196,45,2024-10-19,15672,465,395.2,20
2197,45,2024-10-20,11657,355,417.52,10
2198,45,2024-10-21,13958,399,396.54,25
2199,45,2024-10-22,7268,277,400.09,12
2200,45,2024-10-23,13770,400,476.12,15
2201,45,2024-10-24,14705,335,482.58,18
2202,45,2024-10-25,12106,400,501.16,16
2203,45,2024-10-26,5602,206,269.94,10
2204,45,2024-10-27,8037,323,364.84,14
2205,45,2024-10-28,10665,346,448.02,13
2206,45,2024-10-29,8989,445,621.07,14
2207,45,2024-10-30,14812,484,506.11,21
2208,45,2024-10-31,9305,349,408.81,18
2209,45,2024-11-01,11877,374,476.03,17
2210,45,2024-11-02,7189,242,368.21,8
2211,45,2024-11-03,8494,232,295.62,9
2212,45,2024-11-04,8277,325,425.82,14
2213,45,2024-11-05,11791,478,560.61,18
2214,45,2024-11-06,10507,373,460.86,8
2215,45,2024-11-07,20717,572,605.68,28
2216,45,2024-11-08,20398,706,599.12,32
2217,45,2024-11-09,13666,475,408.11,30
2218,45,2024-11-10,9256,282,391.4,9
2219,45,2024-11-11,10935,408,464.79,20
2220,45,2024-11-12,8444,334,440.23,14
2221,45,2024-11-13,11312,397,492.5,18
2222,45,2024-11-14,11257,425,515.93,17
2223,45,2024-11-15,15898,699,481.76,23
2224,45,2024-11-16,4891,162,270.18,8
2225,45,2024-11-17,9929,277,364.61,10
2226,45,2024-11-18,11421,408,419.27,20
2227,45,2024-11-19,16423,379,420.94,14
2228,45,2024-11-20,10271,302,448.28,12
2229,45,2024-11-21,15333,436,573.17,19
2230,45,2024-11-22,15241,516,575.85,24
2231,45,2024-11-23,13531,422,388.77,13
2232,45,2024-11-24,11102,390,433.22,14
2233,45,2024-11-25,9220,340,530.22,15
2234,45,2024-11-26,16314,468,445.63,17
2235,45,2024-11-27,10562,288,376.8,12
2236,45,2024-11-28,24710,712,595.39,39
2237,45,2024-11-29,15910,524,466.89,16
2238,45,2024-11-30,7628,287,410.58,15
2239,45,2024-12-01,8493,254,325.38,7
2240,45,2024-12-02,10089,372,422.68,14
2241,46,2024-10-25,101356,449,72.74,3
2242,46,2024-10-26,67208,180,69.73,0
2243,46,2024-10-27,24148,123,56.73,0
2244,46,2024-10-28,62445,223,90.31,0
2245,46,2024-10-29,69916,213,77.37,1
2246,46,2024-10-30,65903,233,72.65,1
2247,46,2024-10-31,251000,251,87.83,0
2248,46,2024-11-01,100148,163,92.49,0
2249,46,2024-11-02,31699,116,50.47,0
2250,46,2024-11-03,68154,175,64.99,0
2251,46,2024-11-04,65644,156,72.36,1
2252,46,2024-11-05,83032,208,68.61,0
2253,46,2024-11-06,74420,171,80.29,0
2254,46,2024-11-07,148722,315,98.33,0
2255,46,2024-11-08,45418,188,95.77,0
2256,46,2024-11-09,47546,173,68.71,1
2257,46,2024-11-10,65643,239,70.38,1
2258,46,2024-11-11,145387,445,65.43,3
2259,46,2024-11-12,83146,261,64.18,1
2260,46,2024-11-13,69748,246,73.85,1
2261,46,2024-11-14,58328,221,87.3,1
2262,46,2024-11-15,87733,228,82.94,1
2263,46,2024-11-16,29864,122,47.97,0
2264,46,2024-11-17,41130,174,55.22,1
2265,46,2024-11-18,41945,146,74.91,0
2266,46,2024-11-19,89312,255,88.61,1
2267,46,2024-11-20,74661,225,67.66,1
2268,46,2024-11-21,49150,156,78.61,0
2269,46,2024-11-22,78283,215,87.73,0
2270,46,2024-11-23,117370,270,60.19,1
2271,46,2024-11-24,25248,139,55.58,0
2272,46,2024-11-25,76840,197,75.08,1
2273,46,2024-11-26,97813,263,88.86,1
2274,46,2024-11-27,114301,413,87.88,3
2275,46,2024-11-28,285000,285,88.72,2
2276,46,2024-11-29,64932,209,72.78,0
2277,46,2024-11-30,42198,122,69.47,0
2278,46,2024-12-01,95475,211,61.69,1
2279,46,2024-12-02,156210,193,98.21,0
2280,46,2024-12-03,175218,293,95.72,1
2281,46,2024-12-04,96186,270,101.16,0
2282,46,2024-12-05,39067,167,76.57,0
2283,46,2024-12-06,56379,209,65.55,0
2284,46,2024-12-07,34271,142,64.86,0
2285,46,2024-12-08,39886,235,53.45,1
2286,46,2024-12-09,62213,202,70.09,0
2287,46,2024-12-10,153873,271,90.77,2
2288,46,2024-12-11,60945,187,81.96,0
2289,46,2024-12-12,43954,160,82.37,1
2290,46,2024-12-13,99108,200,78.12,0
2291,46,2024-12-14,22930,98,45.29,0
2292,46,2024-12-15,54934,146,58.32,0
2293,46,2024-12-16,92377,357,102.09,2
2294,46,2024-12-17,92174,121,68.91,0
2295,46,2024-12-18,49267,171,65.31,0
2296,46,2024-12-19,35734,180,78.13,0
2297,46,2024-12-20,94750,250,103.51,1
2298,46,2024-12-21,48720,172,71.6,0
2299,46,2024-12-22,256449,476,64.87,1
2300,46,2024-12-23,46384,213,82.84,0
2301,46,2024-12-24,70789,253,96.71,1
2302,46,2024-12-25,56067,266,95.72,1
2303,46,2024-12-26,76994,340,101.99,0
2304,46,2024-12-27,73033,300,70.13,1
2305,46,2024-12-28,121553,160,73.28,1
2306,46,2024-12-29,32646,107,46.79,0
2307,46,2024-12-30,170000,170,64.51,0
2308,46,2024-12-31,102009,260,101.46,1
2309,47,2024-06-09,172403,659,116.07,2
2310,47,2024-06-10,140907,631,213.61,1
2311,47,2024-06-11,168493,469,204.33,0
2312,47,2024-06-12,126521,367,197.72,1
2313,47,2024-06-13,202337,393,181.5,2
2314,47,2024-06-14,146722,531,229.28,2
2315,47,2024-06-15,138160,305,146.14,1
2316,47,2024-06-16,93669,372,131.03,0
2317,47,2024-06-17,309880,380,197.25,3
2318,47,2024-06-18,209769,464,178.62,2
2319,47,2024-06-19,113245,398,172.33,1
2320,47,2024-06-20,485580,1100,216.56,7
2321,47,2024-06-21,81747,397,168.0,1
2322,47,2024-06-22,140244,516,154.74,1
2323,47,2024-06-23,57113,287,98.01,1
2324,47,2024-06-24,208276,638,216.84,2
2325,47,2024-06-25,136806,369,172.04,2
2326,47,2024-06-26,101499,432,154.7,3
2327,47,2024-06-27,144268,362,161.39,1
2328,47,2024-06-28,189863,405,187.34,2
2329,47,2024-06-29,126680,392,151.08,2
2330,47,2024-06-30,104441,346,132.46,1
2331,47,2024-07-01,99920,386,197.3,0
2332,47,2024-07-02,230377,442,197.11,2
2333,47,2024-07-03,161118,533,157.2,3
2334,47,2024-07-04,137865,511,168.28,2
2335,47,2024-07-05,225780,324,159.08,1
2336,47,2024-07-06,174418,400,155.73,2
2337,47,2024-07-07,127248,340,98.31,2
2338,47,2024-07-08,120373,301,142.21,1
2339,47,2024-07-09,119109,578,177.97,2
2340,47,2024-07-10,150567,483,175.13,2
2341,47,2024-07-11,147380,347,176.24,2
2342,47,2024-07-12,170531,559,194.31,1
2343,47,2024-07-13,42381,174,108.75,0
2344,47,2024-07-14,72762,252,114.73,1
2345,47,2024-07-15,214217,577,153.91,2
2346,47,2024-07-16,86658,345,170.5,1
2347,47,2024-07-17,138069,456,189.16,2
2348,47,2024-07-18,181463,532,225.88,2
2349,47,2024-07-19,364453,750,220.66,5
2350,47,2024-07-20,143612,507,124.97,2
2351,47,2024-07-21,174796,444,140.18,2
2352,47,2024-07-22,190981,492,148.64,1
2353,47,2024-07-23,103298,351,164.1,1
2354,48,2024-06-02,117393,326,172.36,2
2355,48,2024-06-03,627865,659,241.69,5
2356,48,2024-06-04,63203,296,179.54,2
2357,48,2024-06-05,127686,348,152.32,2
2358,48,2024-06-06,288710,476,169.28,3
2359,48,2024-06-07,185822,418,202.31,0
2360,48,2024-06-08,231671,466,242.11,5
2361,48,2024-06-09,113111,404,183.31,1
2362,48,2024-06-10,110696,316,152.75,2
2363,48,2024-06-11,149386,525,191.85,1
2364,48,2024-06-12,121055,329,165.74,2
2365,48,2024-06-13,249592,468,187.5,2
2366,48,2024-06-14,140015,456,242.12,2
2367,48,2024-06-15,95852,328,186.93,2
2368,48,2024-06-16,170565,445,206.38,4
2369,48,2024-06-17,311891,727,223.04,4
2370,48,2024-06-18,112533,408,245.06,2
2371,48,2024-06-19,197668,467,240.28,4
2372,48,2024-06-20,162182,450,192.59,4
2373,48,2024-06-21,252901,419,170.63,3
2374,48,2024-06-22,130388,371,216.15,1
2375,48,2024-06-23,119988,357,152.52,2
2376,48,2024-06-24,266521,617,208.59,5
2377,48,2024-06-25,162573,680,223.55,3
2378,48,2024-06-26,151212,423,192.83,3
2379,48,2024-06-27,219016,739,231.05,5
2380,48,2024-06-28,94757,264,187.51,1
2381,48,2024-06-29,172956,368,155.32,2
2382,48,2024-06-30,138617,442,185.24,4
2383,48,2024-07-01,122935,383,217.67,2
2384,48,2024-07-02,173361,518,214.67,3
2385,48,2024-07-03,119840,365,167.18,3
2386,48,2024-07-04,123475,466,198.29,3
2387,48,2024-07-05,160252,636,236.03,2
2388,48,2024-07-06,96534,413,191.98,2
2389,48,2024-07-07,194580,574,236.63,3
2390,48,2024-07-08,153972,451,209.55,2
2391,48,2024-07-09,275358,580,245.51,4
2392,48,2024-07-10,201671,568,233.99,3
2393,48,2024-07-11,204884,371,210.07,1
2394,48,2024-07-12,218216,459,232.83,3
2395,48,2024-07-13,145201,600,208.37,4
2396,48,2024-07-14,66277,335,186.57,3
2397,48,2024-07-15,312484,608,164.49,5
2398,48,2024-07-16,177375,507,195.79,3
2399,48,2024-07-17,91590,408,189.19,2
2400,48,2024-07-18,113327,419,187.5,2
2401,48,2024-07-19,433000,433,214.92,2
2402,48,2024-07-20,169604,527,181.24,3
2403,48,2024-07-21,173441,399,232.56,1
2404,48,2024-07-22,73424,276,162.07,2
2405,48,2024-07-23,210042,477,215.87,2
2406,48,2024-07-24,101482,492,230.93,3
2407,48,2024-07-25,290240,591,244.07,7
2408,48,2024-07-26,163190,476,218.07,4
2409,48,2024-07-27,407000,407,192.64,2
2410,48,2024-07-28,133858,478,242.27,2
2411,48,2024-07-29,92495,426,228.35,3
2412,48,2024-07-30,337209,498,229.28,2
2413,48,2024-07-31,150657,408,234.03,2
2414,48,2024-08-01,197202,507,222.64,1
2415,48,2024-08-02,128070,293,156.73,2
2416,48,2024-08-03,174199,696,238.74,5
2417,48,2024-08-04,120610,328,158.9,2
2418,48,2024-08-05,150496,370,213.69,2
2419,48,2024-08-06,110124,550,225.61,3
2420,48,2024-08-07,105725,346,177.2,2
2421,48,2024-08-08,188967,488,199.0,2
2422,48,2024-08-09,90661,386,230.75,2
2423,48,2024-08-10,126643,351,182.85,1
2424,48,2024-08-11,229777,650,243.92,4
2425,48,2024-08-12,277471,523,238.78,3
2426,48,2024-08-13,122990,358,153.07,3
2427,49,2024-10-15,250840,718,368.27,5
2428,49,2024-10-16,489564,975,476.53,3
2429,49,2024-10-17,195323,1041,422.38,7
2430,49,2024-10-18,227692,1062,463.83,6
2431,49,2024-10-19,380862,857,353.61,5
2432,49,2024-10-20,262057,1062,462.57,3
2433,49,2024-10-21,203532,637,314.53,5
2434,49,2024-10-22,298586,1258,499.3,10
2435,49,2024-10-23,761884,849,455.96,6
2436,49,2024-10-24,272877,573,303.98,3
2437,49,2024-10-25,475611,936,346.3,7
2438,49,2024-10-26,204508,513,343.36,2
2439,49,2024-10-27,366968,1080,400.17,5
2440,49,2024-10-28,217170,768,430.33,2
2441,49,2024-10-29,328067,1065,454.05,6
2442,49,2024-10-30,686757,2051,485.02,9
2443,49,2024-10-31,358733,928,321.05,7
2444,49,2024-11-01,253360,1097,498.92,4
2445,49,2024-11-02,432747,990,470.85,4
2446,49,2024-11-03,296048,953,380.23,5
2447,49,2024-11-04,361880,954,350.25,6
2448,49,2024-11-05,697112,749,414.08,7
2449,49,2024-11-06,261400,881,338.22,6
2450,49,2024-11-07,324727,894,341.48,2
2451,49,2024-11-08,165520,739,389.54,7
2452,49,2024-11-09,286984,674,358.22,2
2453,49,2024-11-10,403570,804,361.19,6
2454,50,2024-06-27,14721,518,664.33,11
2455,50,2024-06-28,16814,581,894.57,25
2456,50,2024-06-29,10827,495,474.0,17
2457,50,2024-06-30,13825,435,476.25,16
2458,50,2024-07-01,20203,738,792.1,36
2459,50,2024-07-02,12578,465,695.49,23
2460,50,2024-07-03,18629,658,918.04,33
2461,50,2024-07-04,14756,545,747.29,22
2462,50,2024-07-05,31304,1040,918.51,31
2463,50,2024-07-06,15271,484,442.53,15
2464,50,2024-07-07,25138,787,675.8,31
2465,50,2024-07-08,10546,397,673.98,19
2466,50,2024-07-09,19914,704,700.71,33
2467,50,2024-07-10,15942,592,749.81,20
2468,50,2024-07-11,24841,1052,943.27,43
2469,50,2024-07-12,19401,756,879.65,33
2470,50,2024-07-13,18486,632,617.58,26
2471,50,2024-07-14,15679,624,646.94,28
2472,50,2024-07-15,20397,429,627.31,20
2473,50,2024-07-16,20903,734,887.61,31
2474,50,2024-07-17,21818,738,824.67,32
2475,50,2024-07-18,14108,516,709.36,30
2476,50,2024-07-19,38774,968,912.42,41
2477,51,2024-10-05,20385,197,153.31,4
2478,51,2024-10-06,32140,315,174.26,6
2479,51,2024-10-07,26984,296,149.1,5
2480,51,2024-10-08,31368,277,219.96,6
2481,51,2024-10-09,14894,133,143.69,3
2482,51,2024-10-10,18944,196,181.6,4
2483,51,2024-10-11,28759,355,222.79,8
2484,51,2024-10-12,13768,181,158.93,3
2485,51,2024-10-13,17250,169,138.1,4
2486,51,2024-10-14,38751,287,189.65,5
2487,51,2024-10-15,28920,303,210.46,5
2488,51,2024-10-16,14436,183,149.56,3
2489,51,2024-10-17,21377,299,222.62,6
2490,51,2024-10-18,31881,361,204.0,7
2491,51,2024-10-19,17564,240,214.13,5
2492,51,2024-10-20,30001,242,221.62,4
2493,51,2024-10-21,18090,192,188.05,3
2494,51,2024-10-22,26983,274,206.75,4
2495,51,2024-10-23,21572,262,173.27,5
2496,51,2024-10-24,39124,224,221.92,4
2497,51,2024-10-25,17331,183,150.74,3
2498,51,2024-10-26,32328,278,191.83,5
2499,51,2024-10-27,22665,238,208.85,6
2500,51,2024-10-28,17399,232,145.07,4
2501,51,2024-10-29,17536,232,186.26,4
2502,51,2024-10-30,21659,232,227.63,5
2503,51,2024-10-31,23112,288,219.06,5
2504,51,2024-11-01,16469,252,214.55,2
2505,51,2024-11-02,21696,266,216.22,3
2506,51,2024-11-03,31605,146,166.12,3
2507,51,2024-11-04,18654,212,207.23,2
2508,51,2024-11-05,37058,251,215.87,5
2509,51,2024-11-06,20496,200,194.97,5
2510,51,2024-11-07,16425,191,146.49,3
2511,51,2024-11-08,32601,284,211.95,7
2512,51,2024-11-09,29827,334,207.23,9
2513,51,2024-11-10,30329,318,212.17,7
2514,51,2024-11-11,15231,252,210.53,6
2515,51,2024-11-12,47407,410,223.16,7
2516,51,2024-11-13,24035,335,175.83,6
2517,51,2024-11-14,18335,204,155.11,4
2518,51,2024-11-15,17984,187,195.16,3
2519,51,2024-11-16,11969,174,195.33,2
2520,51,2024-11-17,24484,182,160.17,4
2521,51,2024-11-18,13762,175,153.99,2
2522,51,2024-11-19,11069,149,161.78,2
2523,51,2024-11-20,48898,285,207.4,5
2524,51,2024-11-21,18652,249,204.08,4
2525,51,2024-11-22,32894,282,229.13,6
2526,51,2024-11-23,24897,227,207.5,2
2527,51,2024-11-24,20148,242,192.35,7
2528,51,2024-11-25,24686,229,162.75,4
2529,51,2024-11-26,16560,147,148.19,2
2530,52,2024-02-23,280402,973,378.08,5
2531,52,2024-02-24,398067,675,244.18,3
2532,52,2024-02-25,173017,454,170.45,1
2533,52,2024-02-26,374921,1110,310.14,7
2534,52,2024-02-27,297708,571,288.43,2
2535,52,2024-02-28,135471,696,301.67,2
2536,52,2024-02-29,363002,1237,339.8,7
2537,52,2024-03-01,788498,1266,330.05,5
2538,52,2024-03-02,311271,631,236.9,3
2539,52,2024-03-03,132464,526,200.04,1
2540,52,2024-03-04,257443,993,355.88,7
2541,52,2024-03-05,383340,611,323.12,0
2542,52,2024-03-06,283178,722,313.38,4
2543,52,2024-03-07,251671,1041,288.17,4
2544,52,2024-03-08,289739,922,363.69,6
2545,52,2024-03-09,301453,499,208.36,2
2546,52,2024-03-10,352862,754,279.4,6
2547,52,2024-03-11,305532,1009,320.04,3
2548,52,2024-03-12,244559,717,252.89,1
2549,52,2024-03-13,644725,1815,367.24,9
2550,52,2024-03-14,286722,936,284.7,4
2551,52,2024-03-15,472402,721,258.99,3
2552,52,2024-03-16,159333,657,280.39,4
2553,52,2024-03-17,167002,529,256.1,0
2554,52,2024-03-18,175384,755,331.29,3
2555,52,2024-03-19,326732,820,398.9,4
2556,52,2024-03-20,298987,863,300.8,3
2557,52,2024-03-21,277284,1170,339.25,9
2558,52,2024-03-22,539103,1064,337.78,8
2559,52,2024-03-23,403531,945,223.66,6
2560,52,2024-03-24,418077,467,201.67,0
2561,52,2024-03-25,606638,1694,399.97,8
